-- MySQL dump 10.13  Distrib 5.1.71, for Win64 (unknown)
--
-- Host: localhost    Database: scoreshared
-- ------------------------------------------------------
-- Server version	5.1.71-community

/*!40101 SET @OLD_CHARACTER_SET_CLIENT=@@CHARACTER_SET_CLIENT */;
/*!40101 SET @OLD_CHARACTER_SET_RESULTS=@@CHARACTER_SET_RESULTS */;
/*!40101 SET @OLD_COLLATION_CONNECTION=@@COLLATION_CONNECTION */;
/*!40101 SET NAMES utf8 */;
/*!40103 SET @OLD_TIME_ZONE=@@TIME_ZONE */;
/*!40103 SET TIME_ZONE='+00:00' */;
/*!40014 SET @OLD_UNIQUE_CHECKS=@@UNIQUE_CHECKS, UNIQUE_CHECKS=0 */;
/*!40014 SET @OLD_FOREIGN_KEY_CHECKS=@@FOREIGN_KEY_CHECKS, FOREIGN_KEY_CHECKS=0 */;
/*!40101 SET @OLD_SQL_MODE=@@SQL_MODE, SQL_MODE='NO_AUTO_VALUE_ON_ZERO' */;
/*!40111 SET @OLD_SQL_NOTES=@@SQL_NOTES, SQL_NOTES=0 */;

--
-- Table structure for table `file`
--

DROP TABLE IF EXISTS `file`;
/*!40101 SET @saved_cs_client     = @@character_set_client */;
/*!40101 SET character_set_client = utf8 */;
CREATE TABLE `file` (
  `id` int(10) unsigned NOT NULL AUTO_INCREMENT,
  `data` longblob NOT NULL,
  `name` varchar(45) DEFAULT NULL,
  `size` bigint(20) DEFAULT NULL,
  `date` datetime DEFAULT NULL,
  `mime` varchar(45) DEFAULT NULL,
  `owner_id` int(10) unsigned DEFAULT NULL,
  `deleted` bit(1) DEFAULT NULL,
  PRIMARY KEY (`id`),
  KEY `fk_file_user` (`owner_id`),
  CONSTRAINT `fk_file_user` FOREIGN KEY (`owner_id`) REFERENCES `user` (`id`) ON DELETE NO ACTION ON UPDATE NO ACTION
) ENGINE=InnoDB AUTO_INCREMENT=18 DEFAULT CHARSET=utf8;
/*!40101 SET character_set_client = @saved_cs_client */;

--
-- Dumping data for table `file`
--

LOCK TABLES `file` WRITE;
/*!40000 ALTER TABLE `file` DISABLE KEYS */;
INSERT INTO `file` VALUES (4,'PNG\r\n\Z\n\0\0\0\rIHDR\0\0\0h\0\0\0h\0\0\0\0\0\0tEXtSoftware\0Adobe ImageReadyqe<\0\0fiTXtXML:com.adobe.xmp\0\0\0\0\0<?xpacket begin=\"﻿\" id=\"W5M0MpCehiHzreSzNTczkc9d\"?> <x:xmpmeta xmlns:x=\"adobe:ns:meta/\" x:xmptk=\"Adobe XMP Core 5.0-c060 61.134777, 2010/02/12-17:32:00        \"> <rdf:RDF xmlns:rdf=\"http://www.w3.org/1999/02/22-rdf-syntax-ns#\"> <rdf:Description rdf:about=\"\" xmlns:xmpMM=\"http://ns.adobe.com/xap/1.0/mm/\" xmlns:stRef=\"http://ns.adobe.com/xap/1.0/sType/ResourceRef#\" xmlns:xmp=\"http://ns.adobe.com/xap/1.0/\" xmpMM:OriginalDocumentID=\"xmp.did:01801174072068118D4AF3673F9D521C\" xmpMM:DocumentID=\"xmp.did:5BF09B48A08011E3BD2B86528F414CE7\" xmpMM:InstanceID=\"xmp.iid:5BF09B47A08011E3BD2B86528F414CE7\" xmp:CreatorTool=\"Adobe Photoshop CS5 Macintosh\"> <xmpMM:DerivedFrom stRef:instanceID=\"xmp.iid:02801174072068118D4AF3673F9D521C\" stRef:documentID=\"xmp.did:01801174072068118D4AF3673F9D521C\"/> </rdf:Description> </rdf:RDF> </x:xmpmeta> <?xpacket end=\"r\"?>\0\0IDATx]\\S\ZdDD*n\\Rqz*>(D=n]U*uֽ[AnD* {#!	$!KBIw~?<wQqq1e([!0\0d(\0 CQVXUQt@^KTF\"ɇCӔb-ypH$0Ed#]^A[\n铳)biD\"teYF^\'ɹ,,I2P\0d1E|\rʪؘ0\'\0NBK.f&S]+\n^뼏/>LUjt DgP{)vr\\\\|Z\\46]lkۮq͛6mfDܵ	UI/J@5>F5y7sĤʁ*[j2yPsGգ9~)s-XrGn\0㔳bX\"(-,0	@M?Aʆj¢~7O5rXP2J~SsҊSf[x\"@ʕXE瓓S2ܗ]jPc\r+#0xxTáZ,?{oߠ{xzܲmIn\0,ʹB\\	z=j}EBGVr Qc\\ۋ\':uKN۷.㧸?x2IX\0fbl~\\ko0<r9D\"ԫ*/е*6ӿ&9h y]sƺpAgvڬUL&9T!R_Ǿ3_FEߠevwZPAAa?ci3!Z(`k\\Hq>fnzzF$<hzecT\Z;n9\"oT2[\0NZ/*öx\\5πFDOB=(NԴ/FC*S;H6m}:>{n֬imSVps9`4zm-5I\rF1vѨIg$s%jȳG=眜z&lw\0uShɊW?HE&NPMk6\Z}hi 3qZZz<䪢JWĤl65v.+*6@\']\ZUa2s[|V&)wsthf	biphPzgyA6׬YAuQ+M֖A,ȴqO(\"#>333X(\0*#_T%5H\\.KW\0y}x\nˋe=,&G8DAwX[㕱ry1G\0DQ6uQZ.\\.b[ *+\"_ڊ*YӪw㖱KZ\0r>&{/r~}:jS}3J(\n |`И^6:<KjJlv7žU\rD*ձԊT}E۬@[ʋVP=!T1hԮ\'OCRv);O۵m?aWb4=zӞҩ\0+zѢ|ZfʭEE$%5=C$(u:wphN¤j^BAAO\Zggg;͞	M4rTNńr8y2Qz\'dB6m=֮F{~MSș@=ʱ߇/@bZ		IGg}3\Z&50bgWj5&z\nߙs)8O뙙}5qj⏍ߔmy\'t6?Y\n Q}5::iphn3)Lz?{\nNfc&^$܄,9cjaPӖfJL6_V]B8cւ؉ak9r:fRܹJG*66CeT%Q5O?p\\4ȣm߲׮Sv0S4c>w5]^|e$0.:t~@9ҲneҀ4l#Fm~0D.`5rq |m\n\nhƤLz\ZѧJE}i:s\"w9xEfݻu}mk>3.\"eU2)	2`ʖ%VM>{B;D\"qccW}eeeuΆ>OZ<izf`Tq挷TIV0a{;Y}RreT̞&{US+\0*QkY(۪?c|pȳ*.8sYpVSjN\n[fczIlO\Z s?ں5%HA?<p襽<蚚:ȥ_a3ƒUI\'\0\",\\WW\ZEꟗBn޺I{v\Z[CMkK`$\'uN>PAݚ7oڼBM(ٲޤJi(\0Be\0A^BJMn.cG{]뚚{?rރA!a,Q*L<֮v5stz\ZTe+];PU\nFp8@aL9*3Xq;\\C1jo-\03=\0^UVwq@LuɢJ]=#m-n6݌J\'ZvNh.?\r\'XTZsR0是V!k@8@m԰yӅ5|ؐZhvMPJpGxzMPg@R	()MFjW/xutG}R%M:\rT*f)33f/\0}tS=U*Rga0mX7g\\+F,F\"0%%5[ >\n={bLBB\"RIV\0tFΟX>l`7e=&LjN\ZʮM)=j	8\'ʩdFɬ6!Uǣ>KL r	*Rmd0á7u+Lj}w39~Lb]Y[0?!Vw2\n̓r2DVQ$Ꮟ[j9~(5xT\nc8@Z~;ccS\ZFԱMkW|.7h`ў~܎9mJZZJ{xu\0N9)28dBʞx)ر_N=a^`T@L&c-P	_CaF=!Zc5$Y~c0ρvic:U|Ym7SY۬Dk.Mܔ.IO$-]40O~u~}ND\"`WPR5`R6Sv%hvmPѻ-dn޾-1deYVEAiSb<ݝM\'ǟy$%yҲ r֦P(\n\"Ty\nq2_A<M)4ILw{Cꛛ[,^աj쭜;n N.DpOfN`ZZ!eqP9b9xHӬRxr6]G;+͉H\0)Kiv;yOE3f/5|qnf\r$(Fb}~Wo<H$zD~¤Cz.@5PFkz z\r؅%H\0*tF*lڷkGmcb5瑱PRzX.^->CpiDU׏J\0q]r\r2sk/RJ?KQJj9zg=*1[#\01.tvSƃGP힏ޅ(sl߮-\r׮8\Z,:6.*.!gj+{biٰaq\\\r,N<3p۔\"J\\*>W03kJkJ\0їbb^KTD+vy<F\0RRRB,e*5KV	 !ي!v$edb;O ɫgQ	 DJP%/rl{ž$LWiK3S -u_:insG[%\'\rnT.9iph<1%\Z(*:<޺q<^+P=BU	}Dkj`Պ,J6Cbv`@ke\'ʹ,ҕkOSS҉pbzW\0燔N V$HH2Z$^)єNLqxm۴c׀fܗ:S00rOIb^6mXtLy(4Yñc\ZwýD&C.B!:\rq{ۓd6u$4Ur~ʷBݻwmsh}[1X@eAE*t:{Xl6qa4{;MVl})熟lٶ^PRl%\nh˩S&3k<NU*nߍX7bcшH)xvC黲6eP{p2Ӫe&\\U[\0Ɋ߼I\nE܏m8O!A	\\8E\0*bƤ6Q5\"Ni.H)]IQ^7WK!IUsmd(ja*.U C|1P C1\0d\0P\0 @\0bk:\0\0\0\0IENDB`','foto-jogador.png',15956,'2012-06-05 00:00:00','text',NULL,'\0'),(7,'PNG\r\n\Z\n\0\0\0\rIHDR\0\0\04\0\0\04\0\0\0x\0\0\0tEXtSoftware\0Adobe ImageReadyqe<\0\0\"iTXtXML:com.adobe.xmp\0\0\0\0\0<?xpacket begin=\"﻿\" id=\"W5M0MpCehiHzreSzNTczkc9d\"?> <x:xmpmeta xmlns:x=\"adobe:ns:meta/\" x:xmptk=\"Adobe XMP Core 5.0-c060 61.134777, 2010/02/12-17:32:00        \"> <rdf:RDF xmlns:rdf=\"http://www.w3.org/1999/02/22-rdf-syntax-ns#\"> <rdf:Description rdf:about=\"\" xmlns:xmp=\"http://ns.adobe.com/xap/1.0/\" xmlns:xmpMM=\"http://ns.adobe.com/xap/1.0/mm/\" xmlns:stRef=\"http://ns.adobe.com/xap/1.0/sType/ResourceRef#\" xmp:CreatorTool=\"Adobe Photoshop CS5 Macintosh\" xmpMM:InstanceID=\"xmp.iid:E94F0620C4E811E2B287FCA54FD79914\" xmpMM:DocumentID=\"xmp.did:E94F0621C4E811E2B287FCA54FD79914\"> <xmpMM:DerivedFrom stRef:instanceID=\"xmp.iid:979B4EA5C4E811E2B287FCA54FD79914\" stRef:documentID=\"xmp.did:979B4EA6C4E811E2B287FCA54FD79914\"/> </rdf:Description> </rdf:RDF> </x:xmpmeta> <?xpacket end=\"r\"?>h\0\0IDATx+awE8iI )7m6QRܕ.h\\$6?r\"j|NMLfjwz̻̾wm[˶D!!!!!!!\nQ29_)x:9}OTM[;`OnzRt8[F!gf\nwP\'}z<z	u2y9m͠2sG_s|\"<75fPy$]5IU	|6BrR`| fAgP?Xu\"\ng/Wut9He\\2`7<_];SNzxaN$l,a\"+:Kn\0/u*p,UB^(nĒ$EHDHDHDHDHDH\0uL|~\0\0\0\0IENDB`','foto-jogador.png',6464,'2012-06-05 00:00:00','text',NULL,'\0'),(16,'PNG\r\n\Z\n\0\0\0\rIHDR\0\0\0h\0\0\0h\0\0\0~\"\0\0sIDATxLeP{={&wwiwww\ZwwL&C1$B\\dPWu?Zׂ8Y3M@ddX@;lgkB8eqV\ZZG\Z4|NmTu6sRh4M:sViɫ,WZJ:+wmkޱ\'2O燾3ǮL<}ѡז__>uq7X>wC7g^02=0<q{gޞ;9`ݯo4fxG_<ɧ?~/>LNO/;\'g|%ҢcqѱX\0cr\'ǳN3]\'eHufJ7Co+\r$\nȱ<	Roem<g0A7hf$ˠ1jL|1Wg5Bܜ[m+0\n:+64mٶ~wo;uȥK/]x~1=pm+3G;vmč7g+~psao	nptԹ;3ϝ9wgܕC߮x==yzķo?xӇS3ssKss˳s3ߦ|^zaGdJX	a\\APpJIcSƋAa&plx͒%Εeeˬ(6DfĪ4\nZiS*rMVCv)Xg/kUۻvu;9t\'.tgM6u:{ܱǯ/quu\\]Y\Z^8pܕWgFf\\=;xw~ÅsӃw\'.~ϦƟO?_fO}><S}Fnܺt[_xׯ_&|X1sO57jy\'/̓09v\Z#2Og ,.B,.Lk`YyfZPfԢ[Tr\\fH\rbIȔisTBmfޞleem{6?{?q}=uk_?skϜ>{\'n,v:΍9Ώ9ǖG.\0p\rOL_.\0ݟxo$\07xᛅznoӟ>w_?y5~7N}:~ڕ[ۗ/>={~6qc/HD25BK\"QH*G/bt88	6`szjegɬf	(RF`Ҋ-ZYNeӨrQ*7Jf:KaU[@9J]i)47x_;Ou{<{͹O>ԍ7f7O\\<5<0|[Ɩ/.,\\xsͩ7\'/L]0:yftb`lL\\75`鱧3_=};s?ͼ|\'CWF/\r^?#gnѻw{=xΞ9}ԩKG_<{ȃw^~9\nEX|LZz@|g\Z$MMOL@h*\nlX\"V\nI-imVkV(RNeU\\-Gc,Y\ncXjk,ٽa+6P[W_WugS׾1y3\'nΝ^8540tҹ[KǖΏ.\\xscG~vjɑ/nca/{n_dv#w8c뾭wn޴wCm[wo޲o/\\s\0n%\'(<@ccPu))~i~X8G&|J+gTs\"F5n9&](&$Xl5GF\\\r;o9mum]=7pn|=y?Nܘ:qsхх3cgFώ̞:?<yaxRrkҝNé->ҫϋ.}X~۶Ѷ kojljilkinlklۺaÎ{>{yc/RSӃ`(,<!;*-1\'=5\ZEDS	tb*.`|F9\Z1[kD\\B䚌vP\ZҐf2\nQ5K6ȔY_PȞÝ=\"jjnsح˯GvcW>qɑSsGFάhّs#F&. 3}uTӅOM{q7I)i_fGƞlڴޞUm-,/nininkYֽgӆ\r==Mŕ%UUem=]=[kȫ\'fG;DF{\'$FGpOH\rF@±*.Cr)0#!DM6F)_#`D|\\jS@ZUjXHbNmj,V#kPRh4nn>Meyʼ\rz9tǮ~<2č\'N̜fO͜>;6unlŦޛp~Ӆ7?/=x£O&M:j3W_yמEE\ZuՔW[VWZ\\VSV]`/(/(jkлoǾ\\{5tr,pϯ~\rss_M¢d*fb%LItxɄP\'|Tb+,\nA\"W2@ɗh$J`TEY<o0mnkºҒ={>r&/ߝ8v\'n~;52yrtc3cgnM=uCo>Yq;o7ӎ?ogצ.{bceŐuYeE-=͠յ76d3\n˛7?rխ̎8(q⣼c 	AH,f\rMCQ1\Z6Ucj8%b1u<^(D+\0p\nH%kej\0+$SiZmKiiK۞ۺJj*J*Z;vw{Wǿ_8}&Oߚ>}{f;g̞;{a|n>]j{#:^M88M;\0^s//3&FǟuhE&Yr.[feV\07u76շt4׷7WZs\n+K*Z[6tm۲ǁ^3zo\"݀\0`O@-%?-.\ZIE&)9<\"K\\]i$f[I%JIx1/UjH*TWj\rj^Wd\"6C\"qli{ꊦʶms۟Mvf؏[ܝ9{w9,\\z8x׎{OX\05ô̊ݾ,?~?յ=S<!Oag䗁ݺfK]S{}KgCkWcPmIe-4\npٳwSỹXv\n\rqu\Z*4pmBwFRpFbPFB,!!cuL]saVUWt1% X\0QtVry*P#*F4JL$d֦ʺҒں֮];0p[_.NwgIPg̜=o/>\\x/wǽ8>L8^{ۉ37j749dcYRDgZ2Kk@lkz;z[:\0⬼r\0CGΌ=x/8X`qpdj<)$=/=WH$U6]KAVEW.Bx8b2YB9lHWLZIi5JR\"Y3MeUYBeu=|f&>\04e\\77`aG˗;8?spzu,?/:}rxWG^o9$gl4A&BNe6h,6cVI^i]y]sUC{]swS:m/)/-.kjlm_߳?w}~{n),ye&D%(b\rRgmRVS)ڜk-m<F1r<VA$I	 \"dFqYJ@jTrB*<6A吉\"$Y9%مy܂₺ھ:>2pнk.ޝ7{<0%@cO]cc}t<e.o~|ыoz8Rbl2YlT2j-Y%խ5-m\0\\PmSg]sW}smQi%Ԟ[]XTY\rjҿ}|uWc@jnC>\"75ٺ\rKsM2Q	&&̢L&D<fq:Ee|T(x|EeЈ\0B6\n\Z]ZWd1fpE\rU5}}vzⳡܛ́K/?\\%\Z(ا0Xr{\r9ƟNa]Θ3+l58;J:aM:Ĭnnjloik(/(Ɗ*\0n?q̥o~ձP\\{zl/0\Z28n6r\r	kl-Yl.Q	6U\"dI$\\0|r$)f/ŹܒꊶƦn~/vC+䘹pl,\r=Z`9p=\\h\'#On?[r[>k>FJ	x+BR_XQZ\\Q5UTT\0Y՚B[fmqIkMmOskgލyʕ{ϟw\'?_#\\ظLoߎ[WݺrʉZ6.G0+Jub(KV6P&*R*9T>\"dAi\"1S bLU˳%9ru}Nцs~EAmS]w[=]A\'\0bGo^H-]}=58>{Ѓk+vzә\'w}łV2T\"\nEDA|c3*hbPEuem5--Ս`R54Uԯ-*uQfVseUWCㆶΞ==~/R|P.k2|#No,Uqs}͹r,[Ԓf&9GĵBsirKD1p&ɢb8,Kbsl.I$b%\\eJE\ZSkQնb[qE~m}eGk㦮=ݽwo<7^7sewZz^y0wGWfn<{<7F_m~Do*f D\"bV1iB*ætJ{\\Ku3\0\\UTح ӊ%&s}iYG]}oKkOKkWSs{cKkCۆM>~!\\^h{s?;ڪNXQoI\Z2FOśYT#4PL	0:	Ah4P\\I*`*,-TYr+wwon+.+ϭ,jl]߱{xd[߮ߝ<?kgo<Y_OreK~nнgw{:uc;ݻd,\nMsmn$Nd$\Z5&PM?Kn0JF[UPLԼО__TThgKrl²զʣn8sxCvWБjL,!KADHe$<TN2\0JEIP #`<I(W뫭];*[*\0\\y~}cuowO8|}`[_oܝ4ҭ7̓hً$gK@sWM\r?|WF>yzmXj!S+\\*YJA\\<BbݒS^XX\\Z$Kؠp-U=-?5W֖U6T:mi/n5TX;nm=Ȯ-mهv\r>G{mZlPD8RQ\05ࢡ,L##R)4Ƣ\"Yt$3p42ƦavBY3UYrAu6T+*r+jz{5po}qoGOn?_bi\"\Z7_8.#OoX8rW~.{؉k͛Dp`,\0QH\ZRlHDS\"pHuM\r-\0\\U]cyUmIyUAqN/p3¢ھ6P] ԗu={u4o([iW_cgu^Ma{G[*|㣡b\"ZHDHh820<P0\"B5\\Pnj+lj,.ȩݷggOuꋑ;_o=\Z{8{g҃9qy|سyPcYz7}]68zT%f\ZM\n%#\'YH(\"Ek^i~9X\Z~đp%vY-)*nWWMUM~Nvx߆?;*@	moi(բƆbRDDp\n DxWI*6Mgx),bE,CHIG@ yt˴I$\nu\\]VZW_QY\\SY]пupCמ߹ޓOf=f釕\0{÷X\\z~7IǷ^9MHf&CN!?#`<	irme\0\\}e=(؆Ҋ|kIʷ@Y\0&Xi}M-mU9\reYE6!2XJ%	)jF\Z	J($\08T$`8t2$$S& G*3XKzj2e5u=[}Сo3_=}/>;~X3XYzeӔ򷙥>^cqR_y\nv:0a<A	vOp]MYMuIeUQYUQ)p\0gQi̶`:0[	2JynPYNnT	F(|\"K/FOg0Lr,&)\Z\ZLL `B*Y\'_/K*!WʡhI@d,XTڬ]]}]U\rEee9eMUmoٸoֿ<rç?=zrɛg^|XzwaĂύvv.(nV|TҨR\0T+XX6P ,K^Yae`(+8\'ͬfM[HyfK\0h|`hXT*R3O\":A@%p<$9=:,>?#d{kOP/0/`Hl,Ш q$,:B``Xh2<%CqH1a2YŶjWWʜ\\z;6wmڳ=ԋ3O^M?~5wO^>z9+_O?};/?|q!kVʪ@Q\ZMFJ@òƠP*9_aE0j4ڲ͙9LhP;`mjY2(S2PH(\rQE1Hx8LNL	\nZ.;.$LF\"8$N1|*Ab )Qi1x*ǡ4ΖJkzkZJʫsk\nJkKVTgKws}geyӦ{>}_枾/\'=z77os<}\nKB#&คgdbL4ŀhX*+\ns3M&I+ZZ5bN˔zB\'kER@JQR	%r	Ŧ$R1)4\nbI:--1<2\'7/kjUnuJed0p8&G&\'@1ɉ4\n.&`$Je5Yv{=$\\87?M<<x;r啛/\\ssn<vʭn~c?%JM6*h,@0r\0H`1DP(:\nIHIDZ9 :\'\0\ZV&)rXTB \Z SJH+[:\\K%SB@`bPpjXxzdTjDTzt,&BF<)-!<:7(+ s:ߜ׭r\"Sbq(DrWdq843P)DDQZ`T7vu6׷T?~zãnuꝣ.:|?c{lݹUcJ4#QDTPP)B2pX\0g1fgZrjR$X\0&\'8F,ӊe\Z(ON0u:Z|0wuQ^~>QqqI4,1-%:164:/4+qrr?9xGP8)KSB\"FHBD!em2qPUST\\]s\'N6:r؝W>xd`=uMܵ`-uMmF] Rΐ*M\n8\0daTx`$ 8Jdg\n󲋭&\'81O\"⊄l+R%\0F,JfBP\\X-LS\Z5nA]<Bܼ\"bq)	~!>!zsu^wux|#,.Ʃy|\\au|͒)BI)X-bp<2ߠ5h]Y^NsmM}uuyiiEyEmmCoƿΞM5Myֶ*%l[lv()YL0@9DrJqAF#htFBdP,\0 tWS[m03RU\"/RZ)@J?ݧuZV!T2\'ZߝWuuK		Z\0qg߫WRRtY*e +$Qm̲LcQeSRQPSV\\YZTcβZm%}6m۾sS[gaI%3`22E\ZD\n\\#+|)š8$aTO\0\rMŠD\0`i e\nYeɱ:^ePK2\\x+\n^2U\0z+:\\hbׯ|~[LRɡ	qAa!a	qIiqȘDZRFbHT6IpsFE0125BTTL\nHz6}Im)lƲ,Zj),,KucSyEu~A-3b嗚YrV[\"9!\"c8a!e`ADC0,GA0xHZB*c\n4rVө5jJ.Ib\0*pSi%*ҠWUb\n\'_[&#7/0!081(49̊hhl<<.S	$|B\n)rUgAI[N~֠	qi~>)AȄ(\n<KH\"T	yYky`-5es,cqbT,D`2곲2srYY&Y3u&%V%ד	L*͠%cyd4$SD\nGP\"T$ē8l:2#줔dD\ZK稥JH&JUFte8rgN#Q*A˓(8BZ:8M\nJ\r\rDDB#11D|j\n15NM3P8[sᏝ;:{\n\n\n$\"KKMDFG28$MP\n@B&)8$_n,k{_[m]nن\\^\'c`ȉU*d-;Rn\'\"HdE(LCEiu\"\'3V\"VEr5W(x$\Z@cHD%C0:\"eJ\"WK \0Jdl2ybP)Rʙ8yy%C#8\\B<19\nIe2pIF=ҚyޱcSwo۶쪫j05%6-sUFL $d5b\ZN1J+M;jۺ(`ԊuEeyvI.$2:՜i˵4r6Hǐ0t.]lԕ5ו4VdY%59zA(Qx:[HerI4HpPc\0j*\0zR|:G+\nLP\"6Bˤ 0LL..OII\'`i\\$\nP)\"`Ltrj5֗N:wC{wԳ5ۘɥP#C<1~.1]JXoru]%7wtTTFQpzih2XjJ32LR8\nbD)+6EfQx28C[\r嶼SVRf;Ēib!~[I\" Qx<&Cg(@Nr(,!\'T9/q\\dQ	42℉Fb#	1Ԥ8zJ+=K Eh!FATx6vKa}{u\Z:sZ\nA1Pq\"*!\\*Ԡ`UUƪ\\E/J)[hbFJ5ZL.rY\r|$4x2̤tSđ򦝛[ZQ(uYyLD%R8JWWWZQ_KD2(:F#P(x2	K$$I|9Wu\rJ\0n>@\'I8$9B1ajB=)Nf$aIBx,%+1F*GV\nڌ\reyGάo;=mOCqQl` 8(RJ c,5*9ViQThdYd@!e4>Xl\"ClJ#hql>ast&H	<7̒9Һ +A{2<!M3	\"38\0\\-؞g7\\>GI5\n.OJXq\nP|#Ҹ,hdʉ\ZJǇ3#I̔(vZ47=d	 qBHb$\nzM/]oVZT}uŧ;j.5_qugͭ5*&$Xp\0QLjU7k۠\\B `L\Z¤IH`2,A\'PU:V!SPHTIf@HVVM\'8ICH,)\n6_h,>I|Zcf:Mc\"@ƑVaxXplC\0LR˸ 6\Z38bh1fB(31NE!X!$FQ-$X	Ҭv[[r[͙]Cy\'K:\\5[+E2$+kTj^ҩ\Z%]NK.$.`b<_H\"1åX:PHVU3m6\r!)ih<9_.d8$&Hc`拥,Hc	TM)\\)eB1$8@AP0*004b(LK\\>.&D:K#q$,\rDG3bĀ`VR;%OfD QbHI):l̽E?r{͇N4﮹sd_Ю#Z3Y<%XWT\n*RAQ*iJC$\"1Y(\'5:=Wgfj@Ng0Il6MSk+J%\"HOIMOX2c)dE\ni,P+@\0x\0@D4Cg9<crYt/\nedA3ҡPOG !((\"M4\\\05\ZJ1pP\'r%ǈ\r`vPnj8?=R%F`1\\S;ٚ%Ŗ?Kls7]u`뷔5T--\nR\\IrE&#$.CcX4_HE\n{EU^I=\'Ϛ6ꎎ:^ǠPq(<ʀaa(\"KE82@3ڟ/֙r<sQFCBT\"\'8$gd$g@44$:\"\nOAӝAc%pRH),F3sj)(ޔY`_j;Twy\"ӁL\0nntOݿ7>eg6DCM%z`4bʈR9I x.`4\nZ\0k(ؾekϖ7oj/ȵ+$bF`p$`DD`Jv{^eA1Y9ZE3ғS`PDJRj\\L|TDtDXdtdLlt\\BLbr\\\nPJ|j\n8cScRcScS 	Te	p#EP鱁`fb+95#J!,:LHnz}eYs,#Ot&T{Mwu}ygʍ#K&@ɸX6+C,X\0`Cɴ4\n-BϠbr-KU][qscp\']^\\S*dС)q	tza:SRJ7@	EBI8<b0(@MMNMLHKHOLLHNINMKjC\0MOƧťǥǧ\'e@cbnu_JL -.0fjŇŊ	*\\+vl[eO@MY-9ݥyGN֞ra{-\r8rF	NH,1Ɠ,8\nCBQQT:di|e>÷/_=|?n*KK\rLHHBpt:#DF3 ߲t)?@HRS`P00X,\'d@*\rZٌDJ\0j)1q1N@Ot1:FK%EP#(ᴔHFz4;#OS\r%W+ d66\rVԶgcўSOniQRcq	t|`q\Z+@IB`Ӡ!Pd$\nEDeD`,+޻o_^YZΟl3kU422$LDLV\"U\n3X,8T`Q(4\Zh4y|@$WBiA#Ш8*G\"cI `Qˀ:B1AZJ,-5\ZKN&&\ZEI23yd	*];T,`TH9JANiVdr}ý\rG66ʒx(.-LҒt\n#\"S|bb|x\nK;w\r]=ÙO饅Ʌ_^?|_%tIQLQWuge<\nAQH\ZB!0(JLL\n:P$rF3M&bZl*Nʴ\ZF#S+\nH\"pA6rB\"C1(L|:>\rGƅ#	HbR5%\rDMdl6\\,b(u\ZiFRWzi]$2ԚA\'&a1Qxb#ţ)h׈X82EY3M-%tw~xmyyryyjiabi?T<ƨRԕlh?ڵ]-͹6L( q`\nd򑔔\r|Cg嗢b\\Ukz`\Z-@٬34&`PZ`2\r@NHhDDzhhJHpbp@|<8BCCBRBÂ`!0|L9.IQ&\Z1CbLtF0A1z6\"d4!AF%@82Ӡ嚒(WR[ڊK_bz	cjyirq7\0nq~\nGl5%[zvo]w}ӆ\n^äSRbb@\0gxDX`P/PHXpTLTBRBZz:\n\"HL&SH%RBQu\ZV*B&Ԛl{QAaIQqiqSrHxbPh_@oWgWw(/8B=½=#=c|}|QԤVZ\nIOe%3ӓYtH>1Oç!\"ヒ|<}R I\0oq	(t,_?0o{ϧ\'/}]ZX7[^r,,/NуMU单e\r-5\r\rumu\rۚ*j9LHINHML\n	|\ZhPh\Z\"L:f|g86J9מS_\09yzwuuvuvryyz:sX.}]W_O{g?$$\Z.9tsKKKxKxsXn1	>d$0=?~tفoy\0;֥I\\וk1P0H64\ZC@¨x4Vw,\nYTb|4]JJB\\\\TxDp@OxdhtldhxH`p@@@``@HHpxxX|\\lZ\n$h.\n#`(|.O.JG\'_OOo/u]ݝ]ֺuvYe\Z 5k=:8;8:/uvsw?__vOh(x?8\"@L`2bNfجB}}Mngkنvf&gM~ygt}ZW[wLXPLxpTĄx\'CA~ޞ<=݁|C\"#b@yll*H$HT\ns:ϵ.@.\\ݝ׸Yz՚5׬]\r>qv_?_~5ps[[u_.!>i)aXLG S),T((di6,FȷDY~$__SV_оm;|{,~_\0Oܩ)/v]9C=|bV2+\0\Zie,5)%/$,mW`_xxpddXtT$ΘhĄx}5<\087/7/wWOukVZWjk8q֭uZoZ߼oV[o_~qWի<ݢPx)`dRJIkf#7&gIV7j8:ˠd4<Ne\r-Յ[[q܉\'wn~yt뻹S?>m;D\\xxĄǆĆGxDG\'Š*\0I	\r$! h\n\nv \0o/WO77\0` p\n\n\nyxyy{{srYz￯o~}k׮ez˪5VZj`g5.>˿/^f\Z/ՁޮHXXW+&bL<	eX%v$\"4ZPNh7\nll}XUZ][.<|wx݋Ǔ?L8q8ADdaxh\n25>=.KEÒX(	ZX@l\\8gsF\')X,33V\ZU,z&>\"{{2#3\"\'d\\WUi7=\0FjVؽ؋Z߰\'3XA\0 ϜA4t=AiȂ\"pzΣ+Gyp]}v(;ݹs死7>{pǠ}r|2(0{˟|}v.7oɄHPIEO9.\\=䓎JS@-믤|Ք	^9)&`)#Rfgzr?|PbVJl\ZC#3*RZߨ|B%8Hy&bXm:Uk0k>R֙d\"@H0sA+@5 q#H-yzkW}\0:M\0pv޽z}\0\nn|OAIo>&l0r)u7n|sAlu咶LԜR!S>f<ZE䠒|w\n^)ӫ\0fp{g_wXLzH#6X:\"|ynA)0kŚkqd*	EB)dD1fjZzɢћ\nH(yu<᠃Qk@~>tݰ>tܻ {pc[}p[o~\'>[ح|^/حUJĀ-_,_><M>QnvHQSܯKɀ1Uj_-cF~T˶V&/Fܨ^TLQz3y7OC(*Q19z VnE^\'8(J&bUZt.ա7AJ%r>_dr(T:@FE!H4u=a;={л wܹ͇nܿ7۫=yxwޭ7V>d哿AݹI]y䒊v+;]_C~o6\0arBSc&hʆ,ŨTrUw#c\\A)YmVJvPlO[OO>UD]gsipjǨ:t.B)f:ŢcU\nͦr8.68F`s6\ZJH%l}I\"R0h P*sqm훫>{2u󓇷~\'X}pp[{7`?}YZvҮ0pHʃP7w\'t}5.m1jG\ZPAsQW)(෗BJ[za[Oۙh7Fioͷ^<?|]+F^ܭBN/dZd<^q!GjQ$s8So8\ZK `wš5flS-JQ&W	bH`WX<^ݿ}M؝۟dOV~vD=~x3!\"280/ݻ\'BHr<TMAYx攱rM-ߥx\r\"\Z_/\r\Za2jQ,ڨEק&j˚س~w)ldFy6ho[^cUVK|CǒtV\rjQФHyL帷SWP,<jAl*Nݡ^R\Z?c,N١&\\-H,F\'Ã\nv]۸7?C޻)>?	ѧG7˟WnrQTQQ>b\\ŋ?}/Nv/\Z]sZAB/+VEQr:UA\Z.I&6mRSQrE186).:bRP\\\Zeb{HT24M\n͙oSڳncܦzMoXM7v-JpāH\0wVrY7IF$ћ&<:WovjtB+8\r:E]\",|\rV&1zDG>!Swɰ;L}.\0,ƯP-iBfN/C?lWjө+5ՅU,%\"0X؇lGGKb\ZJ@BRB)Ydҕ,Ep\rQ37B^a\ZenNDIF<NFk<&]i.ƤCG;\Z53J,:M\Z`\"5\\#3Z&T<z^ť7\Z+|!͡L\'/Y84gtj\\(h%?V5gbTdXKXFo/u:]ZE-WLRQVx{TgdM2[aVYU*!~q>n2OĀB\nQJ8L5-gѥ.,JyĠVG>e5It\Zs^s)`)6J*o̧\nE\'(eoIdM6ٮ8TV`\r=!;hsl1-jBg%3jbRL,E6zNXh-T%(h(-!d\Z&\"ڱNsֳJQi\nv̀9$iܲ(:M~BEZcsH&nzL?\"BI\Z\n&`8\r\"h(bMNSH,G![UʔWǛ,h\\Aͭ[\nZ<Z[wkFԡ,B`PJ9,B\0g#R^5d\"]fwm.~73o	jf\0n%:ĠXXTjm\\p6[Xp+naLt\nѓ֮c*\rpuM):޾v0Pq9m;i>x2FI:6CYQt*X&#!D\0\ZKF0kke2M\"2pX\"FCju)+Ecp,	D.e2D\075,#lV@[%{vFzB1^_I=f92M7	N˧szvq7lr\\x(y>/&,3beKqpvF`VԲ5Q a!@ңZ$\\AZɸ QI6U&x}(;NBBGC-wE~a|?B##k2jm\0Q2Apk$(${dmaծ\r\n~#)yxIk=ܥ5ָ|a6-.$Vb]\nWcq(t&0@3Y=fzB(`\"D,Iiɥ8$kg,	8PbE(J1ᰒe	\nכիV8zK;((\Z2	I]_0L2^B=}㳿˻7>]\0X[Cac5PˏˏIt&W:ΒryјGpG?Yܗs0զelOk);cj\0wNQ*I,Ur4FɡAڽ8T<t\",kw,P6Ƅ?bC4g$@u5bZRtmLʧΓN;(;E8iF$$E˸}!$2IP:FȦd&ϓ\nH		\rYq9VSڭ~!b%Z4>*R.AO;T5*3?PglLs)C.m̤ɤ!GZo@Ȝ^ӫhS:0t,n;䉤L*#c+bcgcmL	mufLd\0`Z\\Aj1(9x_xشrP>gn2/YyöY2\ng<P1HڤGDȕH)*T-Rt+j)ec\"熕B#}PŃ^r@ߦo10Et^BY!7F|[UCvVGzK*7h-NXAtFNo9h:ϥL,|!%=htIVY(+p@X3\r~maz<h5\Z@U\rdQ3\Z(b&5Eż߲W6lt1Iy&a!˳Qs6jF٨Akw_LIo>ǝIh68<N;ڸVU\nranJ\Zq\r\"%+QD$y+&ͩ&GMUwb7RH\ZAg\r6T\'쉦c\\\nKR%U&5Ӓqz*ްN01f&wV&D(:HAp`M(hFLۘx \r|H_L-^׶qꖠ)XU*1&6KY/N^?9|z8۟7O>=˗\'_,^m=۟>Oη7OFqlWz*$I@D$kik5k@ɘ^8;䛝xŬV\nV	Qw(l\"KK|QhNYR*\"FChX:wVֵ>3cZGH	U`Q\"Aǫ1hgmE	`r-^N䕳n1-0i^3\Z{kx1͆ͽP~7g߼=w.xlÓwg7GW[i{_\ZẄ́3P\"vqگ,&[wn|Bn;XluVP	%h:Q?\n%|t8\'L56v-NG*H%	Xgb-X%!Ux\r\"bؚ$48\n5Ivݳ\nH8a;f-q7j#AA{+>nhŞw?<Ïˋv6lVr|qŋo>?Oߝ}\'<|g?97?\\̟Ҽ٪9_5b)1\\Ҕ_YX[EW-o\'&\\ƚL	s\r2,fHZh*3l\\̔J=]i+%).#$T0׏0&&8-\" 	 U1@cktdMq(o7yx5jƖCnN8mg=3*ir	ɸ}rRf.ݓ_|ng-j&TN:vj^|7_{y2\\ߜM~͋8އɰrY:\Z{y;݈Mv֙isAM%aj읲Yr\0w*P@i[\Z{V͗L))Ʋ%`-.3|Zi=[md%	&%dDPQQuo`tS0\nRa\rb8B@83E;bH9/\Zc\nIS5]WJɶ7/.^}xrdޯ\'*_*d>Ÿzqu1}dųOgo.Ƨ; {UZ_^{Vjt|~2kKnrX73bDW[m}n5qC+&ԆlUkztM;vRex.*fl%1R\"SRj\ZNN\Z*^IȰ(1\n!60>\rL\0%k`]bfD\';5ߢf(dX^M(YV/W`bH.fz>e9SSNVlO:{q=2$Ѩtd]<l7_.zVt\\<\Z涛fVM%t0KĂhH	i>-DV7ۻhjf(U[JQi֒\0\"8\0\n2FE(x `X!F\0Gm5w6-clKA)ݬUrP]Ͱ!UFQ{_}lt0+lp(]FU#4)9ǩ%}fNaAtVuX\rMY+EP:|z\0΋Ix͜\n˝꼛CFhn,{*yg&iu q&tK82@hic϶֠QmW**`}ࡗy\rF*H8	/\'8/8GVSc@-wUKqC3v6uÖUStSHEA~jru\Z!`;oVrN²AqbyhOK;$VOٛg;RdRmד{,hpꓭfiL6Ӂj}u}y9v\'6j_ՃFwD\Zg%l.4FB%f(۳pֻzF>d#q@p2\"NA$	D(\'DLPz:b4% #$UscP,iǴPn]kH;uI1OYUm\'>\\ԦX!av6-ߪ۵B^j׊-\rF3~cQT(UUƯ+娵\Zwb\0G\'bhZr^ڳUKWY|| fW\r^ j[̹>>\\VC32cxʕp[;dXb#L[ᣡBJɀ5Iu\r,\\S(4qYudtQIx6vޓVܭj~%nք$łL\\TivFA4\"dlˡ|\'N(RjlLrs|&K\ZA$bWĝڨM2˒ug(zHj<w.jǣ¢[ب͢[\"FS7z%ب\Zp.\nG5q2T֝\n`o;<޼ںب,&FPP)a%xO;k6ۺ3puT\\I8ٽqҳ+rW2YFȫ;\ZdsA5&/jaj$!#bd\\KUpiJ޺zr[/tf|z<Ur\rA̰yC#tV2fP\'H;TYrV_tSj_\nrJQN[%_lVָ8d>&6ƓvEG|Fx8LO٭if{@:tXG#60!/\0\"QB HT%e0\\EctW	kZAV)V6Me<DiXwR;B*1|:Mq)ȍu|2VL\'(8T	8\"Q\Z0\\\r GZW\Z&h.*T,UQV-jޫ 7=,,^vFW+&ýl9_	I{.-WBJPzݪ\rgXb\"谻{tA@\n08DJV3(\n:^BEPȸ-;Xp=ᖋXdWjET*J%<:$]Gr0.)XǉYd:KHX!hLfap\nC-tDv_\'	iH!\r%T@$x4$^I89d`;h=\"nټt^d6熵h5-U@_{7;ݭ4TUÕJPTZQ@۰\Z%.\Z.m:1ʂB08\0aH.C71+$\'=I	ͥ>p90ՒjjuZN[?_?o/NNe(\\\Z\\$ȸ4%ЅT@N׵Q56C#7t\"KV@MT|^\nj>Cš(5mO#(LJt\\{s<rbd|[E1i<b踟\ZwŬ1ztAk7CݦtAӴ4.@A__{@_{L_[a@֘(cBa,pf~MG`>a?oȄh,ig;Ցؼ]^j?^RQēn2C/q^T2Cp6h-ڐUu\ZbN}Ъ~:`x\nV6(}&Ϥ2BV:I(Yŀ-zˣɳNgYW#^7Kv%ܭE;i\"jdY8wvjAN5FimcP[q^O}Pk.wU\Z}@P`#Ȑ&+.SIyŢ`w>=lͬn<.|Oz˟ݯgӤʵ\Z5cBLؕSAwJ\'C|ЛxJQo1-ƽdϑ_[&ˆ|)#0ܦϚ3nc)doeFxҸo^\rv:{긕CZ7v]TrBʕK86铽Nni7`6*n9g}Nϰ]/<#.\nS0`L\n(U&06zPf[;2#!F&ɤ9hsdl:}MM=qpvV:>,dR\Z\nUᵩV۬[5G]˞p.[aݖϖ:aW>-D}+Eݎ㌻	5f}ִǜp\ZA .4m掷:yt{ޟ4ʴo֊iw\"dQ][\0U<ŦΦki]l\Z6KBª\0]cVxU.j\rLUqp.`|4l=`cohn#!hWӑu22jMR\r%/Vl8-[;͑Ѵd2*DTRVЫx:9O-XT7fߤngQ۔\0tCKn[f@iΠϞY.cĮmLx*{>yg($匷&F]9B`o;n;ø?kj{ۅw0McÒ&&\0`@(\nFn`\0!EDAxTpz|\"dnkb\r\rPKXԚ62ʺ`Xh6zͺJFn,<0IJ[%`y9\0J>CPY:	([T\"Fb,jQ)\ZP%(|ՊX\0Aͺn++z>XLS٘WO\0qAS*+,?\r{CP$#ARKBCcbZL@KH)!@U>C/$GkikjUjLO1iv\"mtݡu0qvf\\MSf*jf+$D:[hX(\r%*\ZJ8\0gѰA$	Y!*dxdH\'X4 !!$*	LAqP{|dplot;8G[~UbθriqW{[VvBr{[<7M}n_$%B>|\'q%5/Q2\nBJHi+]\ZpYa(l֥W:ZCV(\nInZ#{wlik콡g0\nFGh5sj\\Dᳰ\ZEFHp(:A$Id	,f,Cpb&%|Ʀ$<PTND(/P,\Zq:r3`jzn\0\'p79zeஜgZ.دzddɐruI/_c[]ۤ|I_$$C*%#bd2ښtX5a	n!IFZhwC=힮-wښ;ԹZDͶ;\ZUFªhHs)F	BQƣ6*I%yZ	G#%l)`(D/ⱸ\ZJt2E#lR!S%\"XLb=ofÝl1~qx}up23b[Mn63@_&b~>c܉۾Aث*UI*ZaWĸU	\"äx!%R<JNB+()Aeq{-eҩ:5iU6z=hLͣ;0zv޼[wjmZ}}ohM[^+-ߍ\rA;(Erqw>fB]Jt+^-թ$h%*gT $BTě\"~iuZ6i5xϞx2@>nT2nmgܟmΧVpwDo><]ϞAִWvrMحQ\01NQ-[Ey(nKBcfE[~\'#8{=)%\'TC@Ĵ{ n5<eMӨ;݅m{6Wm*Mcglyj=}&V%YP}p?{C<wu7_x{ͳ/ߜwO}wg//^\\,Of|3\rڛf]a{gk?moOb{sgݝvӃtogNCP[*kap7^5>j\'Q*YY=\'K̲*%eeɈh9,N_d7pvXl;32۵&5r5JOɢ0]7<4ݍLwbIo~|߼ݏ~~x۟ŗyz|󫣋po`u4/N.Ϯ/^^.w.H>><\\,w{;ڹv%}VE&l픣ڵVrgt@\\-+ĵhi*&%!eS\n\ZZW!e1j!+)ӓ˫qxoϵcNz06GNֲv7ݡ;[VxNʺc89?Jҳdxb}O_~??͇?o~g<w_^O<;/Ϟ?9<ۿ:?xrq/?ؿ8]e.@4p1oww&V`]\0g6\Z`2d[¨锢fr>.L{VPk9i-/YbVX\0\0)!$Edvӡ\n&Tj(Fb;~і7G]\"4h;	Cn0d4z<~7O?wz_Ϟ?|sח?Û7<?|h_~~Kݳ\'gdp9jaܛp:Yt>*9o	BWM`)U>!.g$t^cc |B@Bnxp	H9Ut~Ss1I\'Z\nYcUӖ8m/\\\r4zKh\'nzKfaqqmGYrT/.W퟿럾_?_|.~ߜ}}z6;;@Ł%cx~4}zj:9?gS0>N|ڝ[|*֎g#\nKfY	k5C`>Jb^.!*e%KU\Z! $$\0`|LGȨ8\rf\0wx-giZ$xN\\u7?1ǦVOW(U,~|T\rcja%pP츷v\'n?y|ӻ_?O_~~웯vr_/~1_?x\ZݗWggYv@Ӌ\'֓\0wqur=L7O]ۀ3JGQ9Hec6[jWz4w.nKAF4QjEBCp.%xA1*Q\00\n&R\'X<RfQ\ZB9Rȸ^,|UR5E(5{l.f#σ\\jݾ3ϼxEU/~_./Zo_޾|vW=}fSk-XeG&py4yr:}z8ݺ8\Z_ONExFGq;M`moV۩̷\n;b?ΎO/QۈV~$ŃGH>Q&.kݦy_\"ט8 !9\"/@J/Z6ʦ*J)3V7ȿY^$*ق4_vsd`pXv;\\N߽wׯ{~;o/^6\'WWϛ^?~7_.zf\'OOH|r:yv;->|̷|;[8;j<<9_wA7;Z19^&9E8Rͮ\\iN\0\0\0\0IENDB`','50.50/p50x50/62269_443148261251_7820212_n.jpg',29734,'2014-06-25 16:10:25','image/png',18,'\0'),(17,'PNG\r\n\Z\n\0\0\0\rIHDR\0\0\04\0\0\04\0\0\0J\Z\0\0iIDATx%wtSgs7`l\"]$7{Um[%rS	04II&T L&_G=YWkwϳAT|BO@\r.6_29N:\n0s<!GsѓGϿϽŵ/{?8stƛ^Z{+O]?|\\[~s~W(=~TzҷnT$vDlFyz}zˠwC}|ξKwϼk/ُJo}T:;߻/\\}x_\'_?`m}㏵{ݼͅu;7w?]b~w/\ZL0F&\\W+]VX:a aper<ҹw8/_~ŵWx͏7޺\\߸|o}zZOyʇ_zOٽw0-,Z9xٿ{ȱ?\'y\Zi8W2WFE#v\Z!#`wmVO\Zg~o*Z|߼~p^\\ݏhŽYm/|<>:ss]+{f\'FSS+KW}^AO۫`-n(q*>EBUbViSk0+u.erZZѲ+Z>0_>ֵ=x^|^;=O퍛ƏKwK>L-&O6+O|\\f<\ZsK<>fܴ	aN MjLhpb](5ivVPlW(GZޞ/{_Ƀ7>[;wuk/zŏ)}wkk+JgBP拻sŹɑp :ͭ.8to_1R	Hi¡n0$f$4L^(4+NewosCx<J%sK\']/ޛuq?k?[_K]ҵ[wt\"aŊt*<4]?t_ak-LaatT|]58J6S%䙴*APJ|Y\"I{o((NL:uK_//ظpޗ.tn^=RrTRάF3S#\\\"=]ǟ/=Ǡ&1=_y6jWx#.G\r($Qګi,)5ZJ#+N2cD!4ʡ3\\:ǿ_޾n<xOoٍ;9mG9\\H5F5*䊙|2rFVfw]Z=ƅnbR=K?<pbf*Jx^	+$\\%*bHL8FԣC=d(/.|\\w޿۟q_?M23\0B+\rHbjtّ!8YMd>#ƣsh܉s]ȴp6UA\')\'y<\"C!I.f#cϟ~+S+7_\\~֣+7oyx/Bq6Ge+|\r.T@|>\rm\Zm!Y.:M^<gq*w>{hw.G,\Z5+P\00Jʔ|\0N\r,Y_d*1#^zkݸɗ\\v㫟J_wo!OK|-ژFKP<|j$z-6\0n09Hg&3Br,O~MVi.#w\"dE!qTFH!dx:Ddxq\n?߼~7~?^Ik_f)LC!rX&5#~+#! 5qäuC\Z+\Z*wWTC4FR\"h.2CF\';eҬ`i|\"c3+3S{_֯ۭ־ۧ7~~];\'@dt|Aib2+䫢D:\rzkw9\r6Zd5)ՠrg\'Gб*+6oT#F$R)LLWRI&>7ve\\q._|\\{ۧ_>NflF1*@h\'b.8f^7ުۀS\Z\nԸ\ZL!apE]my-xG-Ono!bK5D*&]FxvJG#TfϿ{WRc{phv\nE\Z.W娩d%8D<[$P{?j7tJV6vɡ7Y5FѩiA5Olߺ\ZnD@[ZkVimU85\nk^D,q[K&1wo 2RQR\r&`94<SpEx,8.ˬ5Z4XIcA6!jfL+EAzzhW80:~pt/kd{4b^ʶ(xCTZj199ݾl&/IɌjB˕hy[ qX\n͡2jYkMFZOrP4 T]J@rzD(BށtOs7V\n>k)QRYMyvm:rN\Zq0)\\)_g粡?<\ZlNXHB˗F+W)D2_+J^%*JmMv\n)vIh\r	mgZ׫s7Oxb\\תjv2jgtN7(D\"a39EhչU*m;<zܪ9,.l*jjj	T@MqLpH5``:nyz<<37]YTnm:bY\ZK)b	 րF{l\ZǬ1k%j	+bF(& ȕ,\ZIet:ʦ0VI42Ef >V\Zd-*lec&̲CbIwM^ 쳛?qD$IhF+\ZMBlo/O8|\Z[#թIƐBBИ^,O#1d:\"2$&%b z^{^ӬDGHǽeCN~|bOP:KxPLpGqP$$H\rGrN9}\"`qD<ގ@#;zz(\nta8R\'DVp\r®AWݦ$tZA{gy&q8E^=Ɓ찅O	x=2$Ql\ZnFcۓU*=x3uw0l1I$gRR H	bH*9t.g~$4w\";@>\ndYv\Z)ãtR&l]~Ϻ81?6?7\\nWKa U0x;/^<st\'y#GǢ{8,F\"\0NY>?4\n~y6ը7NV[\r׶CZ$\07K(afRu4S\Z҇H\0~DF|Ǐool)~OTa]\'<oohjꪫ+\rN**H\0\Zb\Zt*u:\ZA˫kUVWl^QmG֝eewq֎?RTCÓ\'djFM\r;V\';o-mꏻyJiom>B}]j\ru-\rN8\0WSsJ	cн>to\nH\Zj\nTbgyumeOm޺eKYUW@ʫm֖{Z\"ZEY~uh@˜fߥ3oSҚ͐*hUyk}-!H!:j;mvVW66AZ[\Z--M-5;j*jn)flkٶT>⯛\Z/+z$l5	>u:a.Ӑz.~?yl`E9t<	ok`:Haqi<\nTׁ \Zh}pC@*vT,߱}˖[6(Vc[Ŗ*6=Qu\r6X_WSk,a~%sn8D\\Ai|?oI#с2>MDlG*F&Q	=݇2O,2\rۍCkk!U@e\0IvXVQdMErx\'\n>hԾ~rV覿jBjЩ٤x*;42hV<E3aov02S8w񍗞5Jx2\Z^@2&OŢ(njT!Q>D3\nWlk޾Z$xu;65V>Za\'1_]=<X#& Y-eIi2\ZFǥҀ(5whn*IJ,bVV9Cn!>I&g$t&2*Xsh\\\'\nk;`4x#\rBhcaըJ*Zg]_[,A)-]eJ<iw7ĵ50PHr,L/5$C~\\sJAگ{4P	h\n\"PB%[z1],@A=`~!	sRpNEEԄEmQ$Q_Cz`?$0ױ8jU*]UrIHSA:j{V7,$rHJQh8r $r`3*F!UJAnݥ fY/Tv׉u\Z\05If+ɾ*tZ}\'jjjk ;ZuMU?^ q4\"q`f^-uxZ5I.˔d.U28BT-Rచ\\vu#}\n4\\,CQi\'Xs&jm5L\r(&DN(j$$\\*d:̠igV#NKJ6Jy;{EMs[xvJSЕ:L+RqYnkzA\\L.A-RTA`BX\"$:9ytTR+|6*Sͦ<ڕ]\Z__;8gzt./GAQD&wBf6YtTI{ ,rЊ4&p`xHld3UZV(imu Tn-	)DUkVcAYMϜ~оDfx4ܷpxfc+O/O;:hүTpnUOY&1Ȱ,J{?F=]6A7HijzjcaacQ@KZ\\/3(DO^81xoadg[S{&>qpj!989<qt1\'?8\Z^\r$=I&hze!0X`j$K\"N1	VKQV`aM8m2bG@	%%B1P8߿&[ΣH9Hv0bv\\btВϤc=88(lfd4ҺBc2}~}dȕ\rgX88<6W*q5FFg#Y$NC6ѻv%6fY#1zOFG6\"l(؅gyr(7lX!tحIz\r}&֟ۦ]{&Kdapu\nO3\nm<囚SBPBP\nF	EuPP.!bR҈\Z|x\r?N<\Z	iP*V@A+9İStB)a4|3	V!_ɚ{L%vƢ؀wQs<jId8U.6f@\rݐ=Jt=0MĖ6*btRLFsa޾߀?.\n\rԸn(Hnô5QzrKKW\'u6Ӻ[=-\Z&&ٕ[cΨGt+\0n2Nām\\BaS(*2~{x[gmyONAM\rdx\\v)0udDqEkAAba$MUq	SJ@K)(+깤!f9?|d1:\Zv=ꡀ!2cѴ&hgeaT(բz!`tc-Vײ߹Ux+Yܼ܌0Ȣ5\nVٯS@ZQz-+ZSvZ[-\n5Tpe*XHLfɰm(`Y<vyȫ+FT̙b\"ZjpMuVi&Ժ葤 ä@Ks],)X4J$uS1]rC ˘T! 㐵bQ.P2.[f*,R\rbfpqjd./$pk%TMG|t*f|\ZH-FJ[@%\"$ -LRiI\"+JIX,5#[jaPdS]	NE]ND\'hj3\\*w=VEzНvga*O	&ZMiS`\0YowSvrnS/GQ<-NYy<+k~߫b6A+e[TB^s2G8\\&IXQL>5353_ȥBsojVo(`KXAV\"H00ZOFtQ2쩼PMLʲcҡ0g\0?Çz}tSϾ~g^ڷ8wivn:?084{0KM23cőyl)uR%38#µԐ\rtx#	~4^힜R&GIua\ZKQс&Scs7=g{\'Ng޻2wyW&WWvgٙt!UUL.͎MF Fu2	X7ba|+nI	á}^i~0^TFcxR9&D֕5\nv\0?5^rS/8w9s90o)?WHKcLYX](,Yfn2Q̅\'ݳ԰RE\\@<TZnk@ 8icD^GX,ފu	\0ul̰01L,1=c>;rc¤ğ;9uԱCSG\Z_۳0 [|3Sb|z\"<=ywM.c(QI35?[R`2\0\0\0\0IENDB`','50.50/p50x50/62269_443148261251_7820212_n.jpg',7842,'2014-06-25 16:10:25','image/png',18,'\0');
/*!40000 ALTER TABLE `file` ENABLE KEYS */;
UNLOCK TABLES;

--
-- Table structure for table `invitation`
--

DROP TABLE IF EXISTS `invitation`;
/*!40101 SET @saved_cs_client     = @@character_set_client */;
/*!40101 SET character_set_client = utf8 */;
CREATE TABLE `invitation` (
  `id` int(10) unsigned NOT NULL AUTO_INCREMENT,
  `date` datetime DEFAULT NULL,
  `hash` varchar(32) DEFAULT NULL,
  `hashExpirationDate` datetime DEFAULT NULL,
  `email` varchar(45) DEFAULT NULL,
  `message` varchar(120) DEFAULT NULL,
  `response` int(10) DEFAULT NULL,
  `type` int(10) DEFAULT NULL,
  `deleted` bit(1) DEFAULT NULL,
  PRIMARY KEY (`id`)
) ENGINE=InnoDB AUTO_INCREMENT=26 DEFAULT CHARSET=latin1;
/*!40101 SET character_set_client = @saved_cs_client */;

--
-- Dumping data for table `invitation`
--

LOCK TABLES `invitation` WRITE;
/*!40000 ALTER TABLE `invitation` DISABLE KEYS */;
INSERT INTO `invitation` VALUES (25,NULL,NULL,NULL,NULL,NULL,0,NULL,'\0');
/*!40000 ALTER TABLE `invitation` ENABLE KEYS */;
UNLOCK TABLES;

--
-- Table structure for table `player`
--

DROP TABLE IF EXISTS `player`;
/*!40101 SET @saved_cs_client     = @@character_set_client */;
/*!40101 SET character_set_client = utf8 */;
CREATE TABLE `player` (
  `id` int(10) unsigned NOT NULL AUTO_INCREMENT,
  `name` varchar(255) COLLATE utf8_bin NOT NULL,
  `association_id` int(10) unsigned DEFAULT NULL,
  `owner_id` int(10) unsigned NOT NULL,
  `invitation_id` int(10) unsigned DEFAULT NULL,
  `shouldNotReinvite` bit(1) DEFAULT NULL,
  `deleted` bit(1) DEFAULT NULL,
  PRIMARY KEY (`id`),
  UNIQUE KEY `uk_association_owner` (`association_id`,`owner_id`),
  KEY `fk_player_association` (`association_id`),
  KEY `fk_player_owner` (`owner_id`),
  KEY `fk_player_invitation_idx` (`invitation_id`),
  CONSTRAINT `fk_player_association` FOREIGN KEY (`association_id`) REFERENCES `user` (`id`) ON DELETE NO ACTION ON UPDATE NO ACTION,
  CONSTRAINT `fk_player_invitation` FOREIGN KEY (`invitation_id`) REFERENCES `invitation` (`id`) ON DELETE NO ACTION ON UPDATE NO ACTION,
  CONSTRAINT `fk_player_owner` FOREIGN KEY (`owner_id`) REFERENCES `user` (`id`) ON DELETE NO ACTION ON UPDATE NO ACTION
) ENGINE=InnoDB AUTO_INCREMENT=124 DEFAULT CHARSET=utf8 COLLATE=utf8_bin;
/*!40101 SET character_set_client = @saved_cs_client */;

--
-- Dumping data for table `player`
--

LOCK TABLES `player` WRITE;
/*!40000 ALTER TABLE `player` DISABLE KEYS */;
INSERT INTO `player` VALUES (122,'Bernardo Roubach',18,18,25,NULL,'\0'),(123,'Andre Agassi',NULL,18,NULL,NULL,'\0');
/*!40000 ALTER TABLE `player` ENABLE KEYS */;
UNLOCK TABLES;

--
-- Table structure for table `playerinstance`
--

DROP TABLE IF EXISTS `playerinstance`;
/*!40101 SET @saved_cs_client     = @@character_set_client */;
/*!40101 SET character_set_client = utf8 */;
CREATE TABLE `playerinstance` (
  `id` int(10) unsigned NOT NULL AUTO_INCREMENT,
  `player_id` int(10) unsigned NOT NULL,
  `scoreLeft_id` int(10) unsigned DEFAULT NULL,
  `scoreRight_id` int(10) unsigned DEFAULT NULL,
  `approvalResponse` int(10) DEFAULT NULL,
  `revisionMessage` varchar(2000) DEFAULT NULL,
  `revisionDate` datetime DEFAULT NULL,
  `revisionTime` datetime DEFAULT NULL,
  `revisionSet1Left` int(10) DEFAULT NULL,
  `revisionSet1Right` int(10) DEFAULT NULL,
  `revisionSet2Left` int(10) DEFAULT NULL,
  `revisionSet2Right` int(10) DEFAULT NULL,
  `revisionSet3Left` int(10) DEFAULT NULL,
  `revisionSet3Right` int(10) DEFAULT NULL,
  `revisionSet4Left` int(10) DEFAULT NULL,
  `revisionSet4Right` int(10) DEFAULT NULL,
  `revisionSet5Left` int(10) DEFAULT NULL,
  `revisionSet5Right` int(10) DEFAULT NULL,
  `deleted` bit(1) DEFAULT NULL,
  PRIMARY KEY (`id`),
  KEY `fk_playerinstance_player` (`player_id`),
  KEY `fk_playerinstance_score_left_idx` (`scoreLeft_id`),
  KEY `fk_playerinstance_player_right_idx` (`scoreRight_id`),
  CONSTRAINT `fk_playerinstance_player` FOREIGN KEY (`player_id`) REFERENCES `player` (`id`) ON DELETE NO ACTION ON UPDATE NO ACTION,
  CONSTRAINT `fk_playerinstance_player_right` FOREIGN KEY (`scoreRight_id`) REFERENCES `score` (`id`) ON DELETE NO ACTION ON UPDATE NO ACTION,
  CONSTRAINT `fk_playerinstance_score_left` FOREIGN KEY (`scoreLeft_id`) REFERENCES `score` (`id`) ON DELETE NO ACTION ON UPDATE NO ACTION
) ENGINE=InnoDB AUTO_INCREMENT=11 DEFAULT CHARSET=utf8;
/*!40101 SET character_set_client = @saved_cs_client */;

--
-- Dumping data for table `playerinstance`
--

LOCK TABLES `playerinstance` WRITE;
/*!40000 ALTER TABLE `playerinstance` DISABLE KEYS */;
INSERT INTO `playerinstance` VALUES (1,122,1,NULL,0,NULL,NULL,NULL,NULL,NULL,NULL,NULL,NULL,NULL,NULL,NULL,NULL,NULL,'\0'),(2,123,NULL,1,NULL,NULL,NULL,NULL,NULL,NULL,NULL,NULL,NULL,NULL,NULL,NULL,NULL,NULL,'\0'),(3,123,2,NULL,NULL,NULL,NULL,NULL,NULL,NULL,NULL,NULL,NULL,NULL,NULL,NULL,NULL,NULL,'\0'),(4,122,NULL,2,0,NULL,NULL,NULL,NULL,NULL,NULL,NULL,NULL,NULL,NULL,NULL,NULL,NULL,'\0'),(5,122,3,NULL,0,NULL,NULL,NULL,NULL,NULL,NULL,NULL,NULL,NULL,NULL,NULL,NULL,NULL,'\0'),(6,123,NULL,3,NULL,NULL,NULL,NULL,NULL,NULL,NULL,NULL,NULL,NULL,NULL,NULL,NULL,NULL,'\0'),(7,123,4,NULL,NULL,NULL,NULL,NULL,NULL,NULL,NULL,NULL,NULL,NULL,NULL,NULL,NULL,NULL,'\0'),(8,122,NULL,4,0,NULL,NULL,NULL,NULL,NULL,NULL,NULL,NULL,NULL,NULL,NULL,NULL,NULL,'\0'),(9,122,5,NULL,0,NULL,NULL,NULL,NULL,NULL,NULL,NULL,NULL,NULL,NULL,NULL,NULL,NULL,'\0'),(10,123,NULL,5,NULL,NULL,NULL,NULL,NULL,NULL,NULL,NULL,NULL,NULL,NULL,NULL,NULL,NULL,'\0');
/*!40000 ALTER TABLE `playerinstance` ENABLE KEYS */;
UNLOCK TABLES;

--
-- Table structure for table `playerinstancecomment`
--

DROP TABLE IF EXISTS `playerinstancecomment`;
/*!40101 SET @saved_cs_client     = @@character_set_client */;
/*!40101 SET character_set_client = utf8 */;
CREATE TABLE `playerinstancecomment` (
  `id` int(10) unsigned NOT NULL AUTO_INCREMENT,
  `owner_id` int(10) unsigned NOT NULL,
  `playerInstance_id` int(10) unsigned DEFAULT NULL,
  `comment` varchar(10000) NOT NULL,
  `deleted` bit(1) DEFAULT NULL,
  PRIMARY KEY (`id`),
  KEY `fk_playerinstancecomment_owner` (`owner_id`),
  KEY `fk_playerinstancecomment_playerinstance_idx` (`playerInstance_id`),
  CONSTRAINT `fk_playerinstancecomment_owner` FOREIGN KEY (`owner_id`) REFERENCES `user` (`id`) ON DELETE NO ACTION ON UPDATE NO ACTION,
  CONSTRAINT `fk_playerinstancecomment_playerinstance` FOREIGN KEY (`playerInstance_id`) REFERENCES `playerinstance` (`id`) ON DELETE NO ACTION ON UPDATE NO ACTION
) ENGINE=InnoDB DEFAULT CHARSET=latin1;
/*!40101 SET character_set_client = @saved_cs_client */;

--
-- Dumping data for table `playerinstancecomment`
--

LOCK TABLES `playerinstancecomment` WRITE;
/*!40000 ALTER TABLE `playerinstancecomment` DISABLE KEYS */;
/*!40000 ALTER TABLE `playerinstancecomment` ENABLE KEYS */;
UNLOCK TABLES;

--
-- Table structure for table `profile`
--

DROP TABLE IF EXISTS `profile`;
/*!40101 SET @saved_cs_client     = @@character_set_client */;
/*!40101 SET character_set_client = utf8 */;
CREATE TABLE `profile` (
  `id` int(10) unsigned NOT NULL AUTO_INCREMENT,
  `city` varchar(45) DEFAULT NULL,
  `country` varchar(45) DEFAULT NULL,
  `academy` varchar(255) DEFAULT NULL,
  `leftHanded` bit(1) DEFAULT NULL,
  `coach_id` int(10) unsigned DEFAULT NULL,
  `showContactInfoToFriends` bit(1) DEFAULT NULL,
  `phone` varchar(45) DEFAULT NULL,
  `avatarHash` varchar(255) DEFAULT NULL,
  `avatar_id` int(10) unsigned DEFAULT NULL,
  `smallAvatar_id` int(10) unsigned DEFAULT NULL,
  `style` varchar(255) DEFAULT NULL,
  `site` varchar(255) DEFAULT NULL,
  `sport` int(10) NOT NULL,
  `signupProcessCompleted` bit(1) DEFAULT NULL,
  `coachName` varchar(45) DEFAULT NULL,
  `dateStartedPlaying` datetime DEFAULT NULL,
  `backhandType` int(10) DEFAULT NULL,
  `racquet` varchar(45) DEFAULT NULL,
  `twitterAccount` varchar(100) DEFAULT NULL,
  `deleted` bit(1) DEFAULT NULL,
  PRIMARY KEY (`id`),
  KEY `fk_profile_file_2` (`smallAvatar_id`),
  KEY `fk_profile_file_1` (`avatar_id`),
  CONSTRAINT `fk_profile_file_1` FOREIGN KEY (`avatar_id`) REFERENCES `file` (`id`) ON DELETE NO ACTION ON UPDATE NO ACTION,
  CONSTRAINT `fk_profile_file_2` FOREIGN KEY (`smallAvatar_id`) REFERENCES `file` (`id`) ON DELETE NO ACTION ON UPDATE NO ACTION
) ENGINE=InnoDB AUTO_INCREMENT=14 DEFAULT CHARSET=utf8;
/*!40101 SET character_set_client = @saved_cs_client */;

--
-- Dumping data for table `profile`
--

LOCK TABLES `profile` WRITE;
/*!40000 ALTER TABLE `profile` DISABLE KEYS */;
INSERT INTO `profile` VALUES (13,'Belo Horizonte','Brasile','Lob Tênis','\0',NULL,'','31 96862253','9eae4f99bf706557bd69de4c8e18f140',16,17,'','',0,'','',NULL,NULL,NULL,NULL,'\0');
/*!40000 ALTER TABLE `profile` ENABLE KEYS */;
UNLOCK TABLES;

--
-- Table structure for table `score`
--

DROP TABLE IF EXISTS `score`;
/*!40101 SET @saved_cs_client     = @@character_set_client */;
/*!40101 SET character_set_client = utf8 */;
CREATE TABLE `score` (
  `id` int(10) unsigned NOT NULL AUTO_INCREMENT,
  `date` datetime NOT NULL,
  `set1Left` int(10) DEFAULT NULL,
  `set1Right` int(10) DEFAULT NULL,
  `set2Left` int(10) DEFAULT NULL,
  `set2Right` int(10) DEFAULT NULL,
  `set3Left` int(10) DEFAULT NULL,
  `set3Right` int(10) DEFAULT NULL,
  `set4Left` int(10) DEFAULT NULL,
  `set4Right` int(10) DEFAULT NULL,
  `set5Left` int(10) DEFAULT NULL,
  `set5Right` int(10) DEFAULT NULL,
  `time` datetime DEFAULT NULL,
  `winnerDefined` bit(1) NOT NULL,
  `owner_id` int(10) unsigned DEFAULT NULL,
  `coach_id` int(10) unsigned DEFAULT NULL,
  `sport` int(10) NOT NULL,
  `confirmed` bit(1) DEFAULT b'0',
  `deleted` bit(1) DEFAULT b'0',
  PRIMARY KEY (`id`),
  KEY `fk_score_owner` (`owner_id`)
) ENGINE=InnoDB AUTO_INCREMENT=6 DEFAULT CHARSET=utf8;
/*!40101 SET character_set_client = @saved_cs_client */;

--
-- Dumping data for table `score`
--

LOCK TABLES `score` WRITE;
/*!40000 ALTER TABLE `score` DISABLE KEYS */;
INSERT INTO `score` VALUES (1,'2014-07-16 00:00:00',7,5,NULL,NULL,NULL,NULL,NULL,NULL,NULL,NULL,NULL,'',18,NULL,0,NULL,'\0'),(2,'2014-09-01 00:00:00',6,3,NULL,NULL,NULL,NULL,NULL,NULL,NULL,NULL,NULL,'',18,NULL,0,NULL,'\0'),(3,'2014-09-01 00:00:00',6,3,NULL,NULL,NULL,NULL,NULL,NULL,NULL,NULL,NULL,'',18,NULL,0,NULL,'\0'),(4,'2014-09-02 00:00:00',6,3,NULL,NULL,NULL,NULL,NULL,NULL,NULL,NULL,NULL,'',18,NULL,0,NULL,'\0'),(5,'2014-09-03 00:00:00',7,5,NULL,NULL,NULL,NULL,NULL,NULL,NULL,NULL,NULL,'',18,NULL,0,NULL,'\0');
/*!40000 ALTER TABLE `score` ENABLE KEYS */;
UNLOCK TABLES;

--
-- Table structure for table `scoreshared`
--

DROP TABLE IF EXISTS `scoreshared`;
/*!40101 SET @saved_cs_client     = @@character_set_client */;
/*!40101 SET character_set_client = utf8 */;
CREATE TABLE `scoreshared` (
  `id` int(10) unsigned NOT NULL AUTO_INCREMENT,
  `loggedUser_id` int(10) unsigned DEFAULT NULL,
  `score_id` int(10) unsigned DEFAULT NULL,
  `hash` varchar(32) DEFAULT NULL,
  `win` int(10) DEFAULT NULL,
  `loss` int(10) DEFAULT NULL,
  `date` datetime NOT NULL,
  `playerFirstName` varchar(45) DEFAULT NULL,
  `sport` int(10) DEFAULT NULL,
  `socialMessage` varchar(45) DEFAULT NULL,
  `deleted` bit(1) DEFAULT b'0',
  PRIMARY KEY (`id`),
  KEY `scoreshared_user_idx` (`loggedUser_id`),
  KEY `scoreshared_score_idx` (`score_id`),
  CONSTRAINT `scoreshared_score` FOREIGN KEY (`score_id`) REFERENCES `score` (`id`) ON DELETE NO ACTION ON UPDATE NO ACTION,
  CONSTRAINT `scoreshared_user` FOREIGN KEY (`loggedUser_id`) REFERENCES `user` (`id`) ON DELETE NO ACTION ON UPDATE NO ACTION
) ENGINE=InnoDB AUTO_INCREMENT=4 DEFAULT CHARSET=latin1;
/*!40101 SET character_set_client = @saved_cs_client */;

--
-- Dumping data for table `scoreshared`
--

LOCK TABLES `scoreshared` WRITE;
/*!40000 ALTER TABLE `scoreshared` DISABLE KEYS */;
INSERT INTO `scoreshared` VALUES (1,18,1,'lala',10,10,'0000-00-00 00:00:00',NULL,NULL,NULL,'\0'),(2,18,4,'9ce3b42ea5c722ee5481de887b55f5c5',2,2,'2014-09-02 00:00:00','Bernardo',0,NULL,'\0'),(3,18,5,'653c3b11eaabebe998627e4fb7cbce95',3,2,'2014-09-03 00:00:00','Bernardo',0,'My spice!','\0');
/*!40000 ALTER TABLE `scoreshared` ENABLE KEYS */;
UNLOCK TABLES;

--
-- Table structure for table `user`
--

DROP TABLE IF EXISTS `user`;
/*!40101 SET @saved_cs_client     = @@character_set_client */;
/*!40101 SET character_set_client = utf8 */;
CREATE TABLE `user` (
  `id` int(10) unsigned NOT NULL AUTO_INCREMENT,
  `firstName` varchar(45) NOT NULL,
  `lastName` varchar(45) NOT NULL,
  `email` varchar(45) NOT NULL,
  `birthday` datetime DEFAULT NULL COMMENT 'because of social network sign up, this field cannot be marked as not null',
  `password` varchar(32) DEFAULT NULL COMMENT 'because of social network sign up, this field cannot be marked as not null',
  `gender` char(1) DEFAULT NULL COMMENT 'because of social network sign up, this field cannot be marked as not null',
  `profile_id` int(10) unsigned DEFAULT NULL,
  `lastAccess` datetime DEFAULT NULL,
  `beforeLastAccess` datetime DEFAULT NULL,
  `dateAccountWasClosed` datetime DEFAULT NULL,
  `reasonAccountWasClosed` varchar(5000) DEFAULT NULL,
  `forgotPasswordInstructionsHash` varchar(32) DEFAULT NULL,
  `forgotPasswordInstructionsDate` datetime DEFAULT NULL,
  `deleted` bit(1) DEFAULT NULL,
  PRIMARY KEY (`id`),
  KEY `FK_user_profile` (`profile_id`),
  CONSTRAINT `FK_user_profile` FOREIGN KEY (`profile_id`) REFERENCES `profile` (`id`) ON DELETE NO ACTION ON UPDATE NO ACTION
) ENGINE=InnoDB AUTO_INCREMENT=19 DEFAULT CHARSET=utf8;
/*!40101 SET character_set_client = @saved_cs_client */;

--
-- Dumping data for table `user`
--

LOCK TABLES `user` WRITE;
/*!40000 ALTER TABLE `user` DISABLE KEYS */;
INSERT INTO `user` VALUES (18,'Bernardo','Roubach','broubach@yahoo.com.br','1981-04-28 00:00:00','f1668d75e368033b3eab3d0782b0cc95','M',13,'2014-09-03 18:00:28','2014-09-03 17:09:58',NULL,NULL,NULL,NULL,'\0');
/*!40000 ALTER TABLE `user` ENABLE KEYS */;
UNLOCK TABLES;

--
-- Table structure for table `userconnection`
--

DROP TABLE IF EXISTS `userconnection`;
/*!40101 SET @saved_cs_client     = @@character_set_client */;
/*!40101 SET character_set_client = utf8 */;
CREATE TABLE `userconnection` (
  `userId` varchar(255) NOT NULL,
  `providerId` varchar(255) NOT NULL,
  `providerUserId` varchar(255) NOT NULL DEFAULT '',
  `rank` int(10) NOT NULL,
  `displayName` varchar(255) DEFAULT NULL,
  `profileUrl` varchar(512) DEFAULT NULL,
  `imageUrl` varchar(512) DEFAULT NULL,
  `accessToken` varchar(255) NOT NULL,
  `secret` varchar(255) DEFAULT NULL,
  `refreshToken` varchar(255) DEFAULT NULL,
  `expireTime` bigint(20) DEFAULT NULL,
  PRIMARY KEY (`userId`,`providerId`,`providerUserId`),
  UNIQUE KEY `UserConnectionRank` (`userId`,`providerId`,`rank`)
) ENGINE=InnoDB DEFAULT CHARSET=utf8;
/*!40101 SET character_set_client = @saved_cs_client */;

--
-- Dumping data for table `userconnection`
--

LOCK TABLES `userconnection` WRITE;
/*!40000 ALTER TABLE `userconnection` DISABLE KEYS */;
INSERT INTO `userconnection` VALUES ('broubach@yahoo.com.br','facebook','784446251',1,'bernardo.roubach','http://facebook.com/profile.php?id=784446251','http://graph.facebook.com/784446251/picture','CAACXBztiDb4BAJMGWwAKtEvMkKi1bOgtsY1wzNOM49wyLX1ZBkcMkB2T5RC7jrC8io6tTnoAa98RDPbDuADrZCKufHXfWESDG8ZCl2HBl90kPx0p44p6WgandQDRFxINGjVTVb2qOyJuCoNKr0BBZAE60BMoQKvMo3QbgZCWYvr2cF1iZBnHp5npJLFezSQo8x4kepZCKR8XkxkmzbyD0ZCC',NULL,NULL,1410479558385);
/*!40000 ALTER TABLE `userconnection` ENABLE KEYS */;
UNLOCK TABLES;
/*!40103 SET TIME_ZONE=@OLD_TIME_ZONE */;

/*!40101 SET SQL_MODE=@OLD_SQL_MODE */;
/*!40014 SET FOREIGN_KEY_CHECKS=@OLD_FOREIGN_KEY_CHECKS */;
/*!40014 SET UNIQUE_CHECKS=@OLD_UNIQUE_CHECKS */;
/*!40101 SET CHARACTER_SET_CLIENT=@OLD_CHARACTER_SET_CLIENT */;
/*!40101 SET CHARACTER_SET_RESULTS=@OLD_CHARACTER_SET_RESULTS */;
/*!40101 SET COLLATION_CONNECTION=@OLD_COLLATION_CONNECTION */;
/*!40111 SET SQL_NOTES=@OLD_SQL_NOTES */;

-- Dump completed on 2014-09-05 14:30:51
