-- MySQL dump 10.13  Distrib 5.1.71, for Win64 (unknown)
--
-- Host: localhost    Database: scoreshared
-- ------------------------------------------------------
-- Server version	5.1.71-community

/*!40101 SET @OLD_CHARACTER_SET_CLIENT=@@CHARACTER_SET_CLIENT */;
/*!40101 SET @OLD_CHARACTER_SET_RESULTS=@@CHARACTER_SET_RESULTS */;
/*!40101 SET @OLD_COLLATION_CONNECTION=@@COLLATION_CONNECTION */;
/*!40101 SET NAMES utf8 */;
/*!40103 SET @OLD_TIME_ZONE=@@TIME_ZONE */;
/*!40103 SET TIME_ZONE='+00:00' */;
/*!40014 SET @OLD_UNIQUE_CHECKS=@@UNIQUE_CHECKS, UNIQUE_CHECKS=0 */;
/*!40014 SET @OLD_FOREIGN_KEY_CHECKS=@@FOREIGN_KEY_CHECKS, FOREIGN_KEY_CHECKS=0 */;
/*!40101 SET @OLD_SQL_MODE=@@SQL_MODE, SQL_MODE='NO_AUTO_VALUE_ON_ZERO' */;
/*!40111 SET @OLD_SQL_NOTES=@@SQL_NOTES, SQL_NOTES=0 */;

--
-- Table structure for table `file`
--

DROP TABLE IF EXISTS `file`;
/*!40101 SET @saved_cs_client     = @@character_set_client */;
/*!40101 SET character_set_client = utf8 */;
CREATE TABLE `file` (
  `id` int(10) unsigned NOT NULL AUTO_INCREMENT,
  `data` longblob NOT NULL,
  `name` varchar(45) DEFAULT NULL,
  `size` bigint(20) DEFAULT NULL,
  `date` datetime DEFAULT NULL,
  `mime` varchar(45) DEFAULT NULL,
  `owner_id` int(10) unsigned DEFAULT NULL,
  `deleted` bit(1) DEFAULT NULL,
  PRIMARY KEY (`id`),
  KEY `fk_file_user` (`owner_id`),
  CONSTRAINT `fk_file_user` FOREIGN KEY (`owner_id`) REFERENCES `user` (`id`) ON DELETE NO ACTION ON UPDATE NO ACTION
) ENGINE=InnoDB AUTO_INCREMENT=59 DEFAULT CHARSET=utf8;
/*!40101 SET character_set_client = @saved_cs_client */;

--
-- Dumping data for table `file`
--

LOCK TABLES `file` WRITE;
/*!40000 ALTER TABLE `file` DISABLE KEYS */;
INSERT INTO `file` VALUES (4,'PNG\r\n\Z\n\0\0\0\rIHDR\0\0\0h\0\0\0h\0\0\0\0\0\0sRGB\0\0\0\0bKGD\0\0\0\0\0\0	pHYs\0\0\0\0\0\0\0\0tIME\n2\0\00IDATx_SW	$$bſj[igvo7OD7uԊ\n(\"BbRE+a73I&}y000000000000 (8ɞl2iq@R_\0c@#ހ;@h\0jJ.Ńk8	|\r5$&,\0/-s;Gę(	o>/Nʥ5\np\n0\nsP\0#>04AwSFN	\n\\Jr\rtW\'%\'R\"(p|\\Pqϕw2\nwg9=\0ogΊ!W=lH;CERK2P6s[*G;,qEĹbK9!\'$r6\r81&w,(/W+5_ZhQ\\1bJ鸄Nnx2(΀P;ߛ`cihճl%\'RWs4޴\\#M=Q	JC\'\"ǼU\r\0&(_0\n2aޜ\n--shtl+M\'$^ΙVy](/ulR&K\"pVe@3:	蜖Ｄ·䠗&IQT\ZM崄4:uU\rB[IռgThyrzM@F9:&\0UqmpU\'$]L\\1ݛO7rLF9h\\$XI?($:Y6{}c\ȑWMY=n{yX#^jK.L\r8]@nAnx`Zx잗_gzRkvߤ\ZBׄQX=C5CD~ݒ@+h\"U5XA\Zz,wJ9<PWP(9uh9_ֈWV牗&V{$9)0נ6\nrIIye[jY\\UHn7uB$pN%1{xm`1$Pz<\"q5\rV9X2#sSVJ%I͏NIM]#T$1)7W(oI猑=VFSܴp;%%čLH\'k[\0wڐuZ&ާpB\0xFKHρ@c6ae۔3`.ȝT@PQ`XU狀ӹatWUD0 PRzq9)^\0\rs\0ʦ@-Rܜ&O揽O\Z()NofM%qY<)&&n̆b&t}0\nHh>%\\׻!x*7э([bL̾T6\'f诚0q}M P?l[ɺ3ϐ!N?K&yIhQp$^XiF=Zc?ϵsF\r&	D.~=I \ZaaaaaaaaaaaaN\0\0\0\0IENDB`','foto-jogador.png',15956,'2012-06-05 00:00:00','text',NULL,'\0'),(7,'PNG\r\n\Z\n\0\0\0\rIHDR\0\0\04\0\0\04\0\0\0x\0\0\0tEXtSoftware\0Adobe ImageReadyqe<\0\0\"iTXtXML:com.adobe.xmp\0\0\0\0\0<?xpacket begin=\"﻿\" id=\"W5M0MpCehiHzreSzNTczkc9d\"?> <x:xmpmeta xmlns:x=\"adobe:ns:meta/\" x:xmptk=\"Adobe XMP Core 5.0-c060 61.134777, 2010/02/12-17:32:00        \"> <rdf:RDF xmlns:rdf=\"http://www.w3.org/1999/02/22-rdf-syntax-ns#\"> <rdf:Description rdf:about=\"\" xmlns:xmp=\"http://ns.adobe.com/xap/1.0/\" xmlns:xmpMM=\"http://ns.adobe.com/xap/1.0/mm/\" xmlns:stRef=\"http://ns.adobe.com/xap/1.0/sType/ResourceRef#\" xmp:CreatorTool=\"Adobe Photoshop CS5 Macintosh\" xmpMM:InstanceID=\"xmp.iid:E94F0620C4E811E2B287FCA54FD79914\" xmpMM:DocumentID=\"xmp.did:E94F0621C4E811E2B287FCA54FD79914\"> <xmpMM:DerivedFrom stRef:instanceID=\"xmp.iid:979B4EA5C4E811E2B287FCA54FD79914\" stRef:documentID=\"xmp.did:979B4EA6C4E811E2B287FCA54FD79914\"/> </rdf:Description> </rdf:RDF> </x:xmpmeta> <?xpacket end=\"r\"?>h\0\0IDATx+awE8iI )7m6QRܕ.h\\$6?r\"j|NMLfjwz̻̾wm[˶D!!!!!!!\nQ29_)x:9}OTM[;`OnzRt8[F!gf\nwP\'}z<z	u2y9m͠2sG_s|\"<75fPy$]5IU	|6BrR`| fAgP?Xu\"\ng/Wut9He\\2`7<_];SNzxaN$l,a\"+:Kn\0/u*p,UB^(nĒ$EHDHDHDHDHDH\0uL|~\0\0\0\0IENDB`','foto-jogador.png',6464,'2012-06-05 00:00:00','text',NULL,'\0'),(55,'PNG\r\n\Z\n\0\0\0\rIHDR\0\0\0h\0\0\0h\0\0\0~\"\0\01IDATxڵ	ՙSTP e\Z\n\n\Z!JQ\Z%N	+t:.^ithM`?UϽ/^DjխSj}wwg-[v+>rȁGqǁ{tPsq~KþO+ՃεyΑ<%K.W_}>_O袓>3<3FN8v#ჾ7r\'_Cƌ9rء6W\"?WO~\nݸ첉8yj /)\\Pݵkc=Znr?ǿyťN뮙+V,BQ[tw^vU\0Hڀ=ާOףG/\'LW:[gM9UDLzh>;/^<eΜ3y6m(z)\"\0͓6b!^UKN:JN?X^D;Q\07ySэ3\'џsϝ7\\oa\Z\r¹wvvv8mܿ~|+W/lth#>cx=]sdk8wߕ	r%tdxg:N3\'I<\r Re4\08ch`wCxqC\Z;/<	`:(F`;:pEw˧<wﮠ&p布UiK^^^07_rM_Af>^:n]pK.9o1bQsd0Sǂ@L\'́6lаak䔋bΈjxMx8m;Qs|qcFŴ2{s\Z<@$^8P>\nH:ȣ-YR0\Zo?Xg}q\rp\r0+pprʣCO/ԜL7nwX3|$4U8NĮF*|cnU9ӡ+Ԡ&vc@g큯}6;\0&9/|K㹌?_\'[	}H_&ef.q	Ax>C*pã\Zx>(؅SSHE\np(t$\"uΦe@S`k@!|:xiO\'`u-Si;}\0\np{<AZUd6\\F	ԐztҤp4\rix\r%3eX\r\\!\n)q 7p)s<\n[y4T2^\0s!0DB;\\Y}vSTcUG:,^HXI/xTJx B59w)\0݂\Zy5U92W>^瀒ڼji-i^/0&p\0 )hEϷ*4+Ew%j_b7@^dtDxĉH}7ޢr;0>:C٧pJ0ݻ\r!C#N#(Hd=`V8Q/h*B\rp*舝qESEs޼Jy\0G(#<Hj#\r]1thWy?6W8h7lFca4VBo\Z:th/χ@xᇯ.`=/	/[1%v]tGd:hvYLRV8W	@@Bƿ2`՛>{1R:OVJ1c<D7-N}\r/egWׁ\rK (6a\n\ru@*ᚋ̙;)п*5`WNoUBn\n3$؉\ZfNrUהSAGwq磏^v>{3,[rQ\"b}e:c4_#\r;9z\0I\n*fZ\rDMbg\0JnM?;|Cs=LVQ/7no<\0ЩS;:g͚[ݻ^|k/pGGpwpjt -P4WJ	1ݢ0؂HM^0%/4UA;`Ӥj$>R)1]qhx2#p|y>4>mzWC\\[˗/	v8MU8(g:][h$TetHADP%9A\Z{2˫u~E\r|qL:I0F#l\0Ѐ1v~M@ݓOS7y[QZUVnq\ZP5P2ŷtD@OE6NHC8@)RVNnZ.cN2A?Ȁ2ŪU΂>\rO5(p+X&\r.#hUaCē16zl\r;GxJ#PW\0Uf-\"p.\'	0)gUXI5`H+@Rt}q&/W>ƱN0O?Da8	;\0<?a*1mt%A@\'zga\Zr=WE{[|zWM7i1Fz\"`:0.]ڃ*<{quտ_o0#\rP8F?LN!BB&::ACLPR%+ࢋ~ws*pBQ);ksуp\r刐n\r8\ro;<7y{V\rCpĘ\n\'wd(jpf`{\njRa#] (:~c\r3((=1 `;#$e\'O>IA2dN\'|~۵u	|\0׫WgOgN4s(nv+);8bEc9zho!Y\Z֫	!=(d*#aFh9a+\rM:ViU`V ê\Z6߽뿞tUvx$xa|R1I^t+%#y%RoN\\S>µo?qtb( *9%nO QGLyZL\r@N\0It[_\rݸq嗿NVN8xb5\0vhٳPa=;	{jٲ6y?ioZE&}6G Ȩ0KX*~*dW\00\noW+Wt\r9փ\0eנ*sbM\r|uI#\0AA$\"AfGOUpqJp;Tj(0@qrȶvm\rhQrb@O2otD/4Qk7Ũ[͛[ZhN3^Ȉ2`\nc4ک;r\"\018ޢ/_/ px$ʌr\\ABy(1Ba%GnۦY;Ȁ:vl+p\r#\'A!+ՙt9#*}fUa|D>]g_:chh<#dq1~GoƊ\0?f.C2,bm_L\0pa(mw@T\'eC[xǠXE|F)}]m@#vn]v;nk=	x*nt\n2\0_8|ql-m\rx\nLy\rnIoVwibY۶Ŝ.z\r#,I帶mwKz\Z0BTm!|Zumxyh@6ܳu\r:\"XAv^Rn5+?Ҁx#ry<}9NmO\rX8{\'t!	SpvkѺup4f㊆jwh·iZ$0&y\nJ,%ǩC!q\\x;S,,~+%=V`و\'h\0\\[f>Ťq565D C@q\\ljWqP/	6اD:9+q3@w	#!:Ђ􊁏3skV\0gd̝{.QJFe4E-ipʊpMh@[ט,w}؇11.X\'pp-9Fs4@$tB\08@ j88?j\r08.,ޱ	6pDQ<$Ȉ03O:\Z\ZY[C%ia۵kyխ+pj\0%\0ǐ̀HP55A@^t&.s<HB!8\0e	B&>XVqQe|0DT	eXL])L[Uys\rM\'%~§8`7@&FxSQAӒV(\0gp	oҿ拫%OBCPpDx.(H>#x\r^̛j\'Ze\n쪺}Ҁ$Z<	f4N78XUSo4~\"BhnVaZt]1DT1#A}\Z^Ά@\r\\u(4UxӸ/A؄j받fGm\n;t Nc\0!ĉYyYnL⊳j{뭧m\00\\hF\')R\\UYe`x$KSL(Ŀ0i1\\lUDͬIRI\0p&[P3ڢE3ӼdE!Zq3H		͘#vW\\q6F$p4Df-\06#8uY8iұɒw81aGpj))f~hIÉ\Z	=1N4~\r@<-ل\' OAp\ro֮\0</LL3\noAڪ(4YmL7YbiOK˰m8+hl-`3y9f9ɋrc\rj!`w<\0?!5S N8`S@WfvTQ7zTCA3WP=~NM:!9rl%b|ˣn5ֲ.6ɒY@./FT\rr:}֔@2eḛaF|w_e\0%r	WlK^n%\"\\Y3jGi;FEf2i=0_GŠ_v(4СV05JSyD2Z1짖ÎiCV,g.J[b\0K#\Z&pX|wM5o:|e5o޹6cij\"\na% (p!O<C4ٗCx>\nn[\nyn &Xh!\0pN\n;;9j\\MJ[K|+bDs`kb990Mb9@Y&ry5cn\"IU236feQ:sMeQ.]j\\:fIXg]R¡\ZhPVC߮qL=U{Eĵk\rQ!N)Y3,yi PtN#Mwi \'\0DNܰ%5o:9(C>ickVm%LhbՈq{\nS\0AI7\"䗴($0\ri$E, 㻲9!UϠ>/8`֠w.FZr\0:sڹ8m8to\"ND~>{.A{H_	pJ+Xx#z hݺ4g@b:CL))j>?E	WgVe\\z	FX\\ל9gA\ZMXE_{U#t\0^	BYH\n57cxhy%p3et+$9BS| \0\Zx!GlՄ`f-{o8Qiɋn <sL1)cM%YR1Oө,oqW.ٰBk*x_F\0WZU\n:zΟ^jcy ]tS&6UX]\rD#ar~OQňM4sN`AgڴStPVC5^ly*px$X\nV|p^V~Xhk͚uӺaYpy,?Al\"4Tue]SZQTmǹHU$9fΎL%x2\n,GAxY6MdK, B6npi!6SH;^+&8K,Q)n0a\"!x\ZI6\Z\0S2ѣ띐j	+;)~0ggR[`9nF8\0ra$&\"\0:qƁ+w?)+U.K1ο5+T8*Z}kHu5Y,N<5眆&p	C_tRo9ѣ8(R\n\ZFMUp5knp-+Jl,7	,pVhR=d}%{Q!.m\"6sP+,9ZmM\"\ZE+i|SqH,݆Uph7mܸ\'?y䗿\\=$pUho\0·A_Np_>a\"30|jɲ\\S%Kh/TgIe!fCQS}e\r)/5~EJ@J쌚Qw1~{+g5\'X&a0*܅@qŋJ`kZU(ױp<eʋ\0=WG-Nl2]5Mk*	kLY{V&:Pp\no8`Z`:P{k򒞹	t}E. Wj@[C_T3a.6u:&k(>6\\@t_AS3.%PmÇ׮|\0q^eDY#iRaPpHo>$pO,BQpV+犪L_WXMӏS\'/jyKBaHx>y≂y>ES];Z#k`.#WƉE\".уZht`ݺ۱Ip8$,XRZk `5k}F8YL<w8_R4A䇆U=MQ\ZB\'R\Zz Ng,8߀s25_rޣ%sL4\\PEqA8.K]J_2N	7.\Z.w5`<.WZe7FΐNU2hg\rR[o=jMPy\n\Zt]Wz\rܹE0B\ZV4J,b0U@Y_Q]S\ZOX!\0*pzF,.=r u\'|-ll5eC|(imw\\sͅPk0^viPR\ZjIsUG=7DʅN/(>rH/KLLU*1.DNqo@\r?iCmMQ<kjX~zoDB7;\0\rzY^.׃xWZ KːReуCK\'XEs\ZϜ#m.-5~j<є㜲8\'Xc`$\rP}TӟC[έi*LZ{^m)ZY\0!=hZનo{}31<p*\"SO8Jtv<j7 :WYx]n\\gRR<a&	D6<,+	͒\'#1.}pݻU,Ϊ^O3~ݔ\n!5&bxm&	8Lf5hݻv\\|jDӜAuw1p9آECw;=EpK: ޭ_+\rhoB$B\nCIIq< iL9c	13[ݬЃ)fC]0Z__V%U12gq;u2L,6PQ3[\0UE;Kr^k\n!؉.j\Z(!r*ع!^:g&:agr+-e}\\*	#EHIѪry\0WV%2>\0j9E.3]uXTF\0dx_p.疮wԶcǶXV=猷zpٵJ%)(r$D`H	L!JR.-qY3|]7*V\"UucS<QP\Zrrnv\Z}9	yi`Y}yw)՝\Z\Z=s\'\0nE;m[wu|htjLlZ#\r ^ΙӣS*d)\\Sfep4eʬWHjt?\'.jܷaRJFp>O?O=\ZR1@1|䓏eӛ[(-&Ԝ̈́f!˓M*CW\\u^]^qQf.ӡ\"ޤnqU8g+_8M j)=0BB4Mj\"@iCrGeb\0Dmp߾\0\\xZֺܨIȝ\\6hG=!IW_6^qV?WO\0\\FQs\rڪ3m͔; Gs#ėkg\0m\n5ҥfE+`(A]Ju֎hyyQDC]v#=Nm=j\0y%͂nxxb$Rs$\\87MrcKa	z\0xhʩ&[M35r,l8n]:08G<\Zd\n$\"@+\0Bvc]T=NXH,;{zg<PE]V\\\Z_PZy;EpMaǭN0F=*Vɡ/wo*R]!Ͱxd)yla>u1ZR݋ImcyS[)j#^D#O)ݰ:l|mUkbV)K]^f[-NS+QUMP2+dimu(pIg!DT?j[rن̌Zkڡ,i >梺xT+ksC6EȒX/m;#HufJj\np7.\'oLiDT֠\0I;cBӖNUF.ڵAK#R\0]*s {5<\'AoQT.:`\'*Cv?|\0n;ٰk 7@jf;T\r(\0MpJ]E)wurTs͇GZh&4cY:}Wᓢ8*\ZoΜe3-ǹMSr.V,\'_#\"ȿ(7:ke]=8q[!VN-Lo-pXO6>~Ȏ.8)l-v>X{A#V-N_i.9w\nIZVN3\0p(H(8 CT1F8.^[uy\ZWV\\*5TbY\\}+)qeР}4)evlҳg\'ik|Ql\Z=+B!V 1V\rj7Vh=g|kpt\\0thg\rΪ~7X@\rtVzOp%!oeHTWL\0B}\nǹ=D\rm[tn>[İCUn6\ZmH*{·隙+|AIή9͔_۷l冸fR9O|:>\\6hʰ?gΙI%5lߔL}PPw3lřf	NHC{[cL19ax)GtܧF#U-CU-GD7ZÑBA~q_Ƞ*\\\\bPr)Wlins2`bMަ\rl(Ҩ~K:nsMimu%jεIʔy#TYj} EWJrÃ.7aȿٞ4%N*.>vk<4q;.9s^\rbNqs.je6i\nXaMK/iC\r9\Z^FVV8-|X2}>q:t5+pܹdh\\u`͚e\0#3f`f\ZoWc;kъ:>qT5]r8~&8ݚUk\\ 8aՍ\"cfTn.`.}n~]<=epMԘ劮.ۚ5mzҮ|>ZnHb\"F>Sqv\'gc\ZNˬCW\'b\r>ԅTP=y,؁[EqnLW|TW3hZE-{A\"GcH\\KT5f!mKMdM#R.=.hTgϼ\ZSla,䩧n°[zVѬk3ghmj̘10)e-S}Xu޽I1.KnV[qktt,h[ħ=?|{=/io\r7u֨[Sg꣏^cVεI\0v>W^ۈĹLn*CkS¤1n׆5rC54NHs*fܦk9W_1\0	67z:9ٺ;U\04m2=t>3^މU#42~p75zսѪ#1GZ8z.0w!w_Gxt(}Ǒ-4\ZS;6<lmKEw<?eݽOi%gK̕pO*.H;WS7Z|0VEid<yx&y;`J	^}rb7uO֋q^~\\N)Y\rv\reKt,AsWJn#)73?eYʦPLTaY;U\rm}&5AuuulٳτL%˒ܓ?\"X+Ԋi< 5ssk%\'`C/Z\\_YcȐ\r+ZW\'Q\\hk+99%M-)w=sr(\'\r}^8h/M7뀉p1y-zϘq.(Ktp5|fdeSFhsIAͰ̽ t{ Ǐ~ ,0!6_d4 K\n_6x@gʩ葰\'J	ZTϩr\nGK[ѧf;nY.x>(U$Lhcgf+\r<KIԪ.\0fN]2\".5?9V]7pd%^u_wñe3Kϋa.MH% s\"YOSKps@o)gw}Q<MvSO.S.]\'`s#7u8tHr&!GZvsRsp:\rZ\'pn2FAnY&IrbJ̅#ea>uIMYs{!vn+S#nÉrK}]l\Z}	={9?X{\\g}>qjbp2Ed䔂/;[oaXdHwO(qTt{y^|sݳQۖxZdcǢqA6\nr]aGT9?TRԗ\r7Ls-gPGLr+Dة?H-w]fsp)={rUW_\"bhwb.w	no\\x}Yv3sQAm2t?B]Q9ʖXM-^<՟5@v+Np|67gkuK!vicVI_VO>ΟVLו-^q3O{Wu[gY~8\r.{uDiFee\rO\n7;p2x?XUp\\wsL90d^pzgk6ܾhZvrTDJ|\rMa[QTkPniJu\0Σ%8ᡦ	ݣѱ#\0\0\0\0IENDB`','avatar.png',12753,'2014-01-10 17:14:22','image/png',38,'\0'),(56,'PNG\r\n\Z\n\0\0\0\rIHDR\0\0\04\0\0\04\0\0\0J\Z\0\0IDATxڍUK\" Cʣ<ʣWi;4y#E)Jf\"EdPELFęD!$hgUjެ9s޽sS;w.ޱkwֲm99Y=zv^o߲={t}ܼys挙:u}:`@~:׾oޮw6z\'w0\reԨww~Cf\Zh]+VܽzgsϰfUXzkLߊ[n<gժ|Z Θ13|kK\rrݳ\'\rnYkL>#G<K ӧX0^^m`;;z7qb?1cIx`|k3g]rM*_z۶SܾÖ-ܳgn&u7mɓzl۶O=hEw/[y{.8s(Yy8Ah966y򀼼ӧ_`ܒ%Lr{n3YYkպƎR>z߆\r3kMֳV|p-{l.n߾=[]{M}ܸ۹m=[$dܾ}\riذnG?vP2m5wŋ\'j;Lo\r֪W\Zp8n?E&uk˧p\"@6{<٫eLڭ[[VPp>n\\OIb̑gnkUR\0OՁ+S-߻7wkڴ.\r\ZٞB6(edDr&j퇤\r&ȺwO_`I4AC	s0͛7BU(pknn#3=R>CV=\'~%DWs4,andڻw[WN7ܹcx@(FlРf͚iproO=zvZRhܸp+VL}y\0g1%٢\\8;7v!#~&27[\'>Dd*+M>bfg\\\reϤN|ԩGq(7jժmH0`#N!Cݚ\"=T\'	J#Pǌe-\'8]Pgc_K[NތsnovZ,6)pF&0e$vÌg\\hNs7>Oi>q.|TVV5{//5G9C\nemdVB|`.h.;p$q2y\n\r-[6\rIcǦ:5ѸĢ(jH|O^}uk@UWaT~YRɒŋ-\\PB\n]uʕ\\:up-v TB\"Q%\Z5*UXRr+RBժ7>ĶMΥNNѫԻٴi<BQmliذ&]w],XeK*8$EP\0\n.֭ZFEP@T&KJM6%#eSYw{/~ca$oR	EZ&8\\HFPAAXRo+W>F.s;Wfp*\\XXϛn*]\ZjiX(͚eɯǿƿzҥ.]:N*(/}Hira1\Z9ƿŋ+_F.<Qι\nQq\"<KQ\\ؼ,lpbhW¦~~glP%\'*\0\nTEI;@*EqȆO޴ҥK i#*2`\npb\08v/78n\rph;HJ`\n?\0:th\"H-Ip4`qΞ4mbEPI5X~t\n_xZ&;HBUj=	>JDΝzi@$xLH1rp+W)+OJx[q}QESR@d\r\nQ+Vup@pBX4 `BE	Khm5h?wZ$_ߩ\\F\ZOP4,Qz!3L&hL,LsBLP\rZ>Mw	[;Sp\n˧i[66My:!t$\rl\Z84i#\Z֭>i\0E`ժ`[^UN4d&\r:\0o(zkߧ>4\Zr\0[#C6Q\"X¢t\nQ+;WJ(nԨ6y,L3*x*rv88~8hGtaB*If[Ulmɜ:\0!JڴIe&6&v\rJ	>@_?५\nߛoILh1>E5)xyȂ\0u!jUoF<d\rzlaR`T}ЇIa#+ȜA?3|Iuѯ36Ak\0./PglwpkK-hV2m s#xQM6Ƨfw Kϰ_9ps\0^h$iƻ\Z܁t FNY4dX7vIWo~ˮ\"qC2ɡ7dRX9BgV8\'_-qdhpEe2æMK٤m>K>\\N[?u/,C!24QfHx\nD\0A^mvLɹn\\01L?	,hi<\r48ȴu*]R%|1!giǶ޵k\0$._~eSIha	 iUT8HlԖI0UuG~\n?߿80>l	aUzt(>⃘ ֱ%飕 .ʀ \"睃C\rLL?~a8S1_-&5MVb,G H\"vD{rt8`tp5ANrhũS	6\"*JҲdZq&DUK4H#E۵}b c\'`j]Iה䬕@>JԓLEX:\"ȂEJ¶wu]GIzGjV\".0en~gO4KjQSD,Ų<5,j(geUWߴL<$(qy\';b6έic,:T	P݁Qb*//\\6ݥKA~;,Tsh][AFɧOގ.6L|\"Cpί\0U\'1CdZuh\r[x\\[C`!mӹetY%Jͼ@/^* ԩ2wq=t-!&>G	F#Vrrt~NxђJϕ-[x/Ppo	Ȯ͜,%|U{uztͦ{$u릛\0o\n7:qُs.\\og]tI[_.иM>eѢ-p	ށJ_XYln9z牄8mY9xW0Ǖ$\\4gL)mp*-& %ڴㄘ- ,\0O|$xP[r_l~ݔtu%/Bv\\WX>0Gi\r_]#pB-uyB؇\0b|(Dr	~q{%LE1BR@!w;ȫSBrnﯣn0֞|	+p9j6U|, Y;^k\'/ҧڵȌt,rjmKL\\3/?2/̿\ZIA|b7{+r\n\nWZDdDDp^x\\jӿUsɅOAȤ(wL;]∅K6)\ZPIOFU+z!3K|	[&\n\'|goyR^iNSss&Țc+~4Ei%\nE),Ӄ &-`_C\"=\rϜٚ6Vf.91/8()u!v<NJJ\"\r6]gyIf$Z1vbov|g/]:_|/_NZuV:<\r8B84gY+^Dq@䓷pF]BmD+VT`ifOlzĆǏ6G<:{	Լyc+Td^B9kh,˰\"]If0ˇ$ _oFNƜ͖J9y83N~>-L$\nz$}^Ƶp+fa<!b>\'Jb8us$HGؕ+:8=H0qy _E#8+%!./YMso@H15jTI9\Z8a\"9TϏ IʍSmM`P<orxٿ3a ԩ*\nh78ݚ5+CF`fĽowz6Wz%iQƋ=5gp\\xSL\0\0\0\0IENDB`','avatar.png',4583,'2014-01-10 17:14:22','image/png',38,'\0'),(57,'PNG\r\n\Z\n\0\0\0\rIHDR\0\0\0h\0\0\0h\0\0\0~\"\0\0dIDATxtTSkyg3AXwťذk\nH\'\'\ZU,H\"]wEJwld|?Z{=$ugGLɖSM\rozva<y@S&g~(G#ӽƟ}͹ۏ/8z#pIufޑaQd,/TJ\Z?ڏBA~`n+؋IyS(|wO?;	q\"(\Z3JsTVl+Rɓ3l	qc:K=5>fW_*cw=Jw(%Q]USu&p$I6E4҂VI~(&9F#Y7_^ڽ9\'rIS\Z?x/{-|@[wQvy2\\}~\\7_7WI	DE\r{Q}Q oZ=ܟEaG1#|b#Ζ<Q0 YBH\\ :)HoO>	*Xs	LK&Pa6prrljrg?MLU*)jѹ\rQvEi]$iP	.&	8qNM{7Y}ϖm.lT<E;=<>0P9H_F8A	)bhl	\\<[{{ST`y /Ɖ0d?%FLF_O7EK3f,**+Ǝw\r7EI)bgf 0\'F+;<|Bͨ|١ܺfYaYyB\"Gࢲ\"G pcr\Z@F+o(\n[1oJ8)erc8\nCGY	~?3ɗMUP4U-ڋGϔk/UOXqtv<&7чEHh<CIB^	ˌpजʖo)	%E\rFPhb\ZCBgJ(Ѿt	ˏ!Co*|zV`3@AQ<3>7=3=lxeߗ2\nJ⊚y&@BEKFlQ)-jtīW[\0Û2@΍+IwF1c}Yq~D_N=+eެhwj^Z\'#ҋd1\n*SdJg),LJ\"YOJc\'\'`$iLj<@gQZ=\n4z$1 xt)ȗ*?6鉇CO~RNB\n(O-o:\rW@EdׅE5D5 -l5ˋ[beyuEa3!2Rx(2C?҇\"JiRO?7Ɨώy#Ar)*M\n}TM#<TgG0Á?[Jșx.7FÓG/̼pOj(&=<)ѳo*,azP>|1Y9vé?_O+{}Db	\Z\\9D⚢V`\r\Z@(:PTN-\0AB䜑\">8wU朏ZzG5T3?7ڏ%201Hˁ/bX%U\\ܱ`:\r92&ɓx^@dw(ŐG+OK᧨dPxv7ߚT󩱧ccʾəS-qJ\nYuqpH*nIwM/*,*i^ïR4\0;EASlQ,hb$I ѷC =CA\Z PГ,7$#lD.r64f#0~@:+̏Ka4z/-1M\nї!쥋Q(A~9E&*ȉY`pxԌrbtw|R_O<\')+?)FS+mnj5xtٺbp,UTT	C\nH>bC‘B	*.!\n)&6(xB8H|rNGYΉaq@6?Da\\NP,p>;L	g3|\rNpE#Lh\"2\rԠbޗ.]P*ތ?Tx=:v<<t{ta|>Pk-hgBZ]+ɩtTvC\nGr FYDS8]_TxEyDxEQ\"ЋFsx\n(\r\rg((/UK Âʎ`C,&F0_=n<9>~^8?(cFrJ0iqX+Ƌ)B2~3Rghn험TN ]qO_(Gz{$	_\r*nC+d- ,eM8M(	%-%m $Tᣃ)$X\"P!D(RJF%-C\Z-\Z,	X)ӑ~p\ZSbqxl\Zc˚ذeKm/ٰt\"V.+8[8n|\n#fiP\n7ҏ+ɩ 2 萑&\'&\\Os^t?m|m׏wn?lnNI*i\0x)\Z@\r\ZSme7A\n+j/nep坉eegʻ:1npPȐk\nR\"履@Õ2\0#||B)H*8%ևGZ0)<7}Mv{6/ؼuB6v&^i๖{a2&ߗIj,un%d(;\nS-wAQ!mۋGJk(ʙ/w>KM̩>\\ڄfqv5x\r NZl^<IU);,Ppç ZHkK(Tcx}Y^н ,ؑ+1H뇀0C5O.B)A*	}5?/xg\\^ǥ(k۹,7]u1yJUm<Wu6[kݶ@}1o=kU\'ϠzxHh($R`#}|9/X`[\ZU~<=||{OT\nOI\nH\nk\r-Eʶ*T	X@\0&y9b9@x2\rx``]p,*҃ Ni4$T*|0Zљ1s8C?JeQ\\7n[am\nݫs_clsَe[q;+MD;FڽU@Q~B?vWڍ;<i^m<<}tjT~zԔWcc/g/](>X]%-8)+4ĕ4\' I꿀S5b\"+jL׊HD\'A<*&?UYD\Z:|\nShnSC|;wX,NN7,1le{\n ~rkM3dboDYcJlqqhٞ﷝\Z#Q˓Sc3Tm8q[]Z{?tc&ǟLOd]\"ʘղ3zEi#K(jM*lEYUu\0Ќ+hpcjO	}?;L}4V^@wOݓrdKUڭ{׻xn㲛ۍOy@|ur66mטR1w:oٵAw&;mV.Z[6Yi\']a	8\Znvڹ􉁑Oã=>}՛>:wSg\rL|P|r|ϧ5ŊS3ZiQ^W+˩WdAAPoPES\\98\rU1kmvٳu=n^?:EB\"r4NP9EEyGUUW8}ًW/_}Ǐ^>`J;\rhorܹT*j.\'v[lշ/㿂࿜轌`\Z+uvz6!2#vﲓK	pANNN?LLB95ltԗ=ܴ	qZq^md\'cȲjŀR\r`fȩ5q(^Qbܸ}{}|eWo3u?{Eo˷}o^wxuWۏ;zdnniIQq,}M>˴H;8p j<m.hQV3&3&;7c. -$:\Z,zDclf0OCaH??^<njbP9ih\0bG˓\0<hQ9#>C/_4.Xb\"\ZAֳ--:KJ.IL.IJ\nstc]{mPu]{h] /?U}]&12v7?D|O~LDc}mCv[g\reVE9Qל%r*\ny\0\'(0XgKFy9=|7c?<|P~ ><HBGw ߐX0;Z!~CA`*Nr\n|]cvw{c/[7Yr?-i>XsDlaG\'r	lN<d*BaiU	nkJ#ե{/(a&Q쪖*Z[oZ{Iw}pZ5햄DzihI`K홉cSߎt8/p!SICMZHVP~Nm\ZTR\\Ԓ(YXch\ZCu( /#arK<Dnu*+Jb\0GLF`zgFz?J9cH\\z]),_/\\rAmac;s2w0a:j&x=m>h7ڵ/$, fB|o<RaéGoqkp(604M^YAู&I\ZcIv41ia̘<@tZ3@fMBJ1@\n{G6U{,=u{Bؒ<tSI>}<v>|kk};Wx/^y2A_[K]MC]@7uuDǎN09J9;1xj4%?*9S:Is\nsЉY\nhT=Fz#r&b-\010`\Zhe$TM\"O骛)\0ʂis\Z[ܙL֝9{םݱǵGUgxKhHpiojM\\_ 7`Y¥\ZiVC]m\"@WGK[S@Œq?0,2D=Щtd1ޭ|T4HӲ2%\'R+ڣMy8w\0`~,	$kU\\ȴM&t@ȽOa`baqSC!ɼBuJۅ7+<-UykWKK&%|\"wUj65c-<A_Wo޼y\Z\ZZxIK7_ד*҉WЂ|ˉn\"53%XzYSL	n)8mT\rT(\\Lv- *kV݀UHl3,A,-C^!RmE2G%\0p0}\\\"*(1)m^rL%mS{uv߿#mK[򖶤͍\rBE,.-\r\\)t1_oL߂X=]|\r,C*F?&O@vdbxYU-IEЯTP4h0un\\QE(;E~+_!7kXB9B(\ZKbpӱaWlpx\n\\ԑ`=@ PDw[W|i٪\ZcKG8)v>)^},|EyBC6waߙ\"sӝ?o@&pXy[s{%ҙ^ċ/w06(o<zUQt2\0)`~U\Z7em&8Ea+zskNA\Z7EнL9NAgѰ:Jr7\ZdCL>s\'3OhҘLS\'bVXQ,dii耿]]\ZיgK\"au5ա,jjhRKOSk\0U^TM1Z9l?߾=%WI}FC<\Z(Auon\Zs5Ηx2d/޵BobQR:;^exro%*\Z;_*gmtP!MⲄqA찆TZZ	[ZvtfiMuJHshqcC*m*uxֿt>/0򨐉~ksW?_uI<.tjE{hݜ͹R0CV>cPAG	nɖ{DlLn,	hP#alLJ^Dvh1<\'7͉	,%5Wk]k][2/ђyj߮ՇDNGzpXDb\"=Rwnٱƹ\Z񡗓#/\'M	܄3	jS#PvnBX!:t*I)$CQk!}s\\~\"EEl^+\0섡cqhM@K*J8B~$;\nG*RE2PJG\nx{ںj+bu$ƭJ,rkvຂrʲOG6F2s)xCe{FYzr[+&^OyjN[YYcc]\0}K\Zpgr@_H\n\Z4hU@0*B*4\Z*c\"qv#ֱyȦ1\Z]UG}B(t5T\0x8_ g%3\\\rez{iZ,f쟋0c5@s9YǉHf\nprcl\\@ϿV;ilr a\\?\r>\Z6>`zī>I;_T_\Zt\\N]lN\ZusM##\nNՅ@D@\rPo/h#őAA͙zm\n\Zk#A5(ǀ\r3l(Q\Zў?pZdˍ6LSoc0,uQlߕ\raZpdO߲4){-cBF\0v+>	-5f:]5lL*fo!Btt$qhY@!Tn%\0)rpPXцɇV.#JpMqsVNTX@yaL:pFlDw*ɯ\0Co\ZvXfX\'c5Du8VsCk}^m^oݞŸ[_<U|^\r}{C9uhlFfYszYGl!t!.!.!ztkŇ\nA*)Vk]6{`.?gP8q U(8W\\)HT7CY)!ũ`2;\Z#qA߶/v6/^\\\\.vߵĎj=%qy8[tP|y86t{ӍiV\rR%jS[ېTДT؜P<Gmr#=-a|^S\\n#*A_A6U#ȗX1\\DYDq,:ՃЪG	\0/P\nO9q9슸8V\\LWD;cܭC7L8R)RhB5ᷝF#=K)u# O\'GN}}۷5D<./lPv5rkyI\ru5wp%ZPvPpB_8zi~h5b~{ΗCODkGh\0:0@`Bp E˓	¸\0~+PJs!=N)f)7o%w+so;\'x.a6ٻhGSv\'9um;-ޡgzU\\*W\\TX,9-/VEY~\n\\=(>\\[˿vV)S_q`5,k+iFy7:EewYl@)h<	 =YOh#Ǒ\nc9L\"Y2N6qlN|g]j%n\"Tݫ`7o.ܘZXgvV8Wg\0M;9T\Z}p]9bd\0`}g@Ѿr(|\nOP(vRI;zpGJU!鯠Ŭdn!+ƕt-M_:?Z\r)K4h1T\r-P\rἒDN>7uN%^>ȼxݚJ);\Z)b!-/xSm׉j2FH,6.6|as+\0T~ydRV\ZIΩ3\0j@>z[`YCUۖ):Kf6dh-i5?m0\0ES(qcYsx6P,A\nEq`q\"Cᾙ5J9n-^ND]:kmq2?ݎWYd|!ɁmNlH}y=	\"N)GN&i%iM:lFC!wK\rn̲+lS9IgA@\ryWݮEau` C$\05q\0HN\0Q;q*@cvgopVGgS5gY*qoq[L8{vw6`KEVe&$3e*>FnJ-PdU!S C{4tM.퀹\rY?YvEH;Ke|*	*:e])oI=\r.\0H \nKYdsB˙,1Xxk0 ^\0(C`&dz\\2Xm˗j\ZeQU2\"%ڳtvq\Z֫\Z9Z-4v#XZ\ZRb&Gz&Cv+oKίH+oH*kA5t|TNeEw;E/Yv0Q!T׃f\0݄#n.ќSHvh`Bc%(5dN@\Zz\Z7LQ@<!Ty	%sD<Ǯݴ[6ۘoKblcn[ސٲjqB㥶D;ą-/&(ʙArݻ3ɛn_\\2]FCQ[:SՊ\'ҶYvȷZP9nPX	VH2YjR\05G:k$	MdHƂYPwp`7tbbʂI(j\'U6Yc]lWԜ04	ibL\\pR[V{3%`A\\hdCڻm͋Mʩ!rRYtx\\n5n)%M)/|u?~1H{l9\"<r,mG_k¿\ZY6\r \0PъC_Tޙr,C1xh/BeK~P	cĐ@@١	b\\`PbxDzph\nEA\n1l=YG\"ى40ϥ.79.-.6t0ۙD@8\';̴\'O;_RYr#lRAgٵ1N?vN{ZV;׆9^ᚏpSK@f$>Hhțvpt>!\rFT\0&0yI\n @.HCOA\0q\n=@\nlZ.{UA\"H<Klv\rΘlM6&lMvevFkXp47!ji`VvKܺ\"6=º;/$Es`\nU!9#w]J9׹ʋ4S+3%C[ӂ~eU][UBRHS _CՓ8;Q}!,18,/R$&p1TAp,)E)8.+&	]|/%γT]e(%p^Pwз5Y	f<m	+L6tX1o|Mm=.T`nhj\Z\ryّ	y5]\'.:!_P`HBW,k_ޔV?J}(ЩGR%c;GP;8:#j8g,cA!gs9A@&C\ndAI^?-<:6=XMGb/mZOgvGn\'ۅuɆ%&fz6&Xk#hcDZ`ilmI[l\\POk6~:V׀6/u1hkll={)A	iN;\\{2`,4t^wܾVrkNW6++*Ϭisɮ6\0KL;z6+QT#UgUd-Hr,n@D1qtQ,U cB)!)I%冇x̌QN8R]{O_/dvxq Ip@vYF4 t	zD	~qJ;M+tpDCc}\"KX#2!؛8\\ǋ?P^tlYCS2[ׂ2K 97eT7g9{TWRy4\\Qm\0BUj/svcjtQR!Z+Eٳ˵(/{|R9{=9\Z_;W\'^(w#6udZZc*G$]#)	galhmB2ƃ-Эq4d@]Mԝ#kauikqd2Έ72!YX[X-16]@2[`d#@w4ȩO,n?Pڕ׺5+!69*CQcbq2(0\"*6I ~UH+(K% \0 *	\rJG%%\\~He	S>Q*GFFR:|r򛙉ڎUD׎ޮ.ٳDwRu\"[T`oN6,/\\bodoyEZ9jj\Z\0it	Fx#a$,ɔh\n\"-,Y,\"[,0_dˆޢ顂ʺmY%ǚJ**.>WQy\"Xvus\0VƱ}gӫ AmI9|)G!\'40I tBD$6C҂BRP\\Ig9}R93B#/(=>BXs)e{ⵣD3iJkExG2DQ@66XmlHl;^b[fclc#jjb5\ZzZz8M}-C\"	O&b!lD1҈lF04xkEf{<GOj?TT~2cg{k/9Rݔ]Y^r$`M\Zߋ]ueVw<1\Z\\ ]jj$a(\"QX(<.WEؑ∄׏J/φ?=1L9trkVۙ0o/ft0Ϥp({mZjƕ\Z\ZXXlHdk5X~%$s]CuN]7_6Os.#\rHDc\0gF6%,ͬIdSG62w\\q)ٛݼiebr&cFYT~\Zk[{,T~ԣ-N?PsG]U()- KU5 ,-,&xЈDH\"ISw]xӫ1U9Y973vfG9\n\0@0qJ|%n2 O\'Ֆ>ۖXsêKZlr\"kvU,0Z2|}1L_@OG8<H6&D#s#3T$#C2jgikFp17m8W*LRN\'(SS	eԠ2Ĝe7ud;uc x3wi8ޒYuC5N*=MA=) I㄁PExdBPJ׵(g30LBxLM~T~G^M=\Zx69jl5`x{E-bEn[,}.tݴhE[WZlh|Ps^h3OM_]S_SW\\a@#v#2Q#SPXf?GQ*s|C)U*cG#N~|\r-ѼcWQpg\0:pv@veP։Kp8<ᇂ8J;KN	RAI\'?GA\0WNM\r\0po~y2tj䩅?KG:X3mbzm^b.tv-v^`njM\"bkh֟jgJi\0ohhH$ID\"Yu$ͮqD24J4y<2v`Jm*o/dUoϩp/>5O>^^p5´<K	O$B^R	PDDǤiTvzj0\Z><\Z{|ޙѷ@MOo=G\r}x1&c#GƮHrֱۺ2޼mƥ6.]8o\\qbkK{KCC>N]COM]gNP\0!I&ICH>3,PpK2:{3gbvyk-ѱykwVwUu\0[UuWU6+:RZ!N3vC8b`$R\'S\0laĊD,024wH͏#7f{PM}^ݏʡ\'S_+|Sj,0TIoPD:YvnthfkzENvv&D^CG/uihkju\"2J /9d*(92755m64q,oL#qgןyXnE\'ʪkZa8Xy`eʳn_U;D(XGԂ~ľ|HcBr|rgr[??U^z95gf5r5<grofͭYkxCMM#}%xV]K_MK/\rYi遠 `\Z9D&\Zc(d328hLMMxC=$~w9~Oknλ79Qغܒݥ%3O>ڐupe᪮cH;tQ+hvCc5 &02\rhHt:!1}AD\"ʥʙ!<F\r]WR(}~93yė#?pݡ; _^|=:wbSCb`LpX&DVCBR2u]&AjhjςD/	K6&2IDS!@!\08퍝\r7Z/ӫ\nvde8l(;RV]٘]ٔ]Վ4:Xx\rMppӥiÒЅx!8+8/wʉej}}//CnקC~?ݗ?ה#oL*U5COWZ\r}um^2PWi`a*@S:<G .$	؂hnE$Z́GaD}=1h7ZbJ>S\ZSS晜dSZᒘ`lx\"^Y]9QaLZ^uS^ukαʳ0f8Ҟq\r5\\`X\n\\~lpH2%B~d ӻwMl\0ا?Fo==lw>{ӫ_|Ǟ;o_SN}Gq`nH$$@đ\rZjz\Z4}#C%>ctaD4|jhaM@&\n\rcx9Nh\'[k	cm9[-٬/.s%onbWJiٙ	qKO9Xؐ[{/=\rإ=77\"<	NBC$~031_^{O̷g#?;3\Zp臇O@߿<o~q\\]j_sa\r[ATVQc%Bci\rvX,I(8XPCS9g\Z^x&iٰp,v_XMLչ.SK!@B^%7@`	M*f<t\Z X``\nJMLO7}xjzo;{wi_>n7C}zyc׷ivswwlM5^x=@F|m\Z(8>\0~C!k4!l<5\'\ZSw^(^GVǬ!+S)=~0%om\"#Ǌk:ҋ3[k.uddHVm@	#Ji4\"2#\",5,D?{:G=<p˳>swGC^`}q_ܞӗ[^x\nG>{xotbQpZЛAįBwJsPL(_dS9#C\r17b)vPݜ[t>&})9\'/Y\";Y^J޻=}83΃yRK΢q:`M\Z D%_n_xo_yxV=OO^~<}\rhAy{/w$waҧ7w^^}~soQbqY@5 jJP:8#K#+%ˌ\rb(CH\0rT*k 6fv0\nzWnU6rW	hzGMYwX \r->_}.%.13$54B\n\Z\Z	H71ΕϏ|x^k/Ňg=zsrSz~x>@׾_݃sSGOsz_\\z}Ë#_{wӼ?@GsX-um\0]\rfHapV822\nh8J\n-5\n!*D<Kha0GħwexdD\rV:n.9NݽBuyskj3+\0ܯFCc)!PCSCҊou?<On^:r͉::]?Wfǻ׿=\\·׿4?MkPL!ho_\\w7/{ul	\"A`ԙK!qS)IX#_6Fd+8cF0ERU9d24Ip4\"\Zx4D-/&r L\"ry\"seNw:Ph@Y|*&֬?Pt2\"8P:rK^\0P*8xvӛ{[k|ܛ.]8YwTÙ쌃i-u}ë;53 CμG\0q\\k@?UAP:nzȬAAP!Ԑh+8ACM	V׊ldN$j`0ꖣ2wȽR-qg]TKݵ΄_psi-JZ!ǥW]5TL\nU\"SDࠨ.~pݾxՋm^>#ֹ>ë\'\nj(Bu@	~	y&Xݫ/{z}xϿc `::Zd<#qdD(\nd	c<4047444\'Y T<iabl\r	:8@iE6Rl0m\"޹}	yAƶvT;eV}1ع5UȐfe]`1IaɑQiR0Ƶ}=ݷ}x5w);S;߹{o]}<\\bp~thmy+D\0ݫx9^j\re	\0LFfdScK\0)FԆL0RCc	dՔԛ?_[OKq-0W%Lu֍eUpw@]cov`a`<~ykO\\:tR\Z\0/1 ⸐hqFh\rxgn\\l}x܃ͧvmr7ܺz\'ν|p^D\0AA5<35z_݄E&gO}{yZ1Yc\ZG~3K3S+($#\"lH$H@ؘLMdl0B#\0eCY[Kk`ǜFl	Xq8`p+Y.e\ra%e̭^|BRUem)e.)H4q㲄=pƅ7v8wTʦ3u\'OT^l|~]^|jk`=ݜL\Z%}}R9x$`t4Հ@\"H2X<2Ȇ$DC	vB\"ࠪ\04 Vq8cԠey-{d.U^g)}}Ӯ6:/՛00@rry{Ѯ}՗(=Zҁ|wqIaI?xl`ݫ7.4>Zk]mէU),/>|ԃk]`Ƿ/<k=Ϯ>z+j1aADY\r?B`q_al쭬,,-n$1WU=},d	4$$NOG	)t\riḣ1Db0!~[\ZUI#\nX)eB⪅V/YxeF~My}Mk.|dWΧz.^9N L\n	1ScOn_uՆG:^?vLUiW58]+\\vo^{u{Z\"PvpmR:B	{y뾗w\r4557@DllD$\r!LpD5lGm,Pt_q:)HS7F8s3wnܸ\n*Ύ+RW?}!!yɥ7PCةf	N~hpr@&F$ǥ\".];WsrK<{@qn:˭ovݽ	g|r\r\Zu#etVRY!\n`#hb|s8~o ~obtiCDfVfckD@ʥ	mqHmUmmT|У`ycՖZ諭wr3[a\"C?3̕:U;\\sCީ@-]N \0#D|9\rN>um]\'_C]h9]]s([ݻuj;{rҋGW9/\\}qk24ɀl@S޾̶0AOV^joMߙ`bгC\"7lq:::Fx}\"Ye:5_]f	0+FYxBUZ[_eF;+m]#5-·	\rE7\0\\rqjiGR\n9n$́od\'Fp!}\\{ՙ5y<[\\C\0O.&<ab[ں]molEŋCz* !wVֶvm<.ٙ<5I5~/B$L[Q.Nh1U!z[;GV󝡎G=T	SG<)cwFmOp?HIN}\04S@CWEE\nxBX83G btσIy{r	%dyqlf]g \\W4`T\rVʨH-E3[Ζ)kO7\':]Ԛ]6f7Bh@BJ6R5ˍ{wlIۺP7	eEۭmkVcq`YQs\'Ch#6S4hhn?A!	k~qrɁz\"ce\"\Z\ZP(B}jlK$b\n<\n.$\ZEpX|c]ߍ[d^PN*\'zZ+#	8i̇/e_o>[|$.%)T-*AKm_p7$nژ_Mw;M\r7ZKLeMU7r?bp͵=z(ਠ֟G)M	|j5lzqG?=DMxǏ.dΜK!:	B<E%8T1l>-<_R(Q;Q\\2s\06{4T|Eaaa\nb:<j\nUP0R*\'@xG\"C3%ǋZ\'\nHcWΫvNv$\ZZlܷ->铿}1`ߟʎsmqgsU݂.ҩܱnV_e2c~3\ZŎ g?GK5?}/O_<kǓb=;  @n|!H:\\62;_LQC≜EpCἻ$6ZViCjD.Aji:XH=}c>z-=SȱcWs3,`G\Z\'82\0n綔ێ$<>ƲnKM\\[RW~Xf.>wlь,ijv1fŎNpT`Jr^Qφ_<z$^\\w2&/B+\Zbq\nY\"@Zvgxr3<Qi.,Oo?oǆ/UB&\":(0P^AHC|iRzvneǁ\n#)9ƣ9\\mߊin\'rs5\r +hZEqŀYnLCm2,\'H	jh+?yvї/0xpz!0HL1(dTNp;,\\\\.݇YuQ!N_QH@H\"BI*hs>|kq|Yڕ1ҥ	n-7}k__?rt4v7W՗4Uo5:l\r]CSMY:dx󚭩\Z[uQzF{LxbZ6@a76fo?˃;~u4lC \n\'0Dl1BqB\Zsju\r=D`jw׃==+|/fI\\tt^??4:LQb&HA%\04kl܇9eZ|r6\"F8\';+p6r}ƉSoGS\0j6C1\\c-ז6ՕkJJ\n.6J\0nb\rq{\r]ƁNPw=)(|^8hD]X@[}d/F0*Oם9h4\\/9~\"oG)1;_>gAn$/2Z8,X,Y,pU\nbVK~5bUJh\0xtϘ%˯=SdNʼle`!sqG)xvw:kmRwX^PWV\0_p3)ʒ+E}ͽ&Pti\nLjAR3N|}VLO0	00m\0!?P\":˙P Lr`2fXL;$1Rg6×%>;z?666\"d~\"RUdr,O.%zxF\Z{O)RN_?yrBuʳ\r/`$0c{}>^fVc!O-u%yY\'g~z.#)Ϯ)+B<aC=fWt%(sBFݖV\r#v3B*{j-Qp=ߛ<q9|88Pcrt߹ `йds!lu	4\"bYTDFR\01~kJILrH;|Sz&=*=hg5m_FuXx޼~9Hb¡o>/1as|֩cֆ\ZK}e_eu2 \nS72sP=hq4+~)~Ps;ar7LSWre =(qjIF8ٞ9,7L9R? DHurf@_Q,Ї:⽅QZe\\܊3\ZdU6R@\rCvh˖ĭw>X`4U@kʒS]SɩLI=~HjNk4cCu5Zo h8,J0ts`ܰ\08ǷT}vpU}u𭟯Y5\ZB+ yrc9o6l<t\ny|6GH OQ.^<gx3xLŜ1\nZBI&4W(GQJ0ջ:}5㑋Mlt	ؑ5HÚmg\r$?eR㰠\'ˊk5N$ݗw_[M5]-&Ì&;cqR\082M84VsN؁Çvx,ROV8UVtw9eAht.-\'r9\"lm-ugyݼӴbi@D*y\"_诓~:lˎ_vzN)XSiK׮x_	cjn5ה@wWs2;Rǳ f.3D7`7Sy2G	\nA5MuWs6_w *\nBqp\r#U\0\nXW$bXnL{Yn|7WKNKK#C\n__S+\ZBF\04xnP2.1ܹFJq䅥FP޺\Z}O>]k<7gno(Zl\Ze7d<rw	޻s{f#U%Ȑ}S\\D:WrJUa.ȽÝv0R^[/z2\01,m,><mOrj;rc28n vÜMV{H^D~JY!(.B5aJB#ę#ZjTbA8p\'=5emBK;j-u\\:}TzoC{6Cq(sCVLvHn?IɍG#S19o<wgccI^ޮ|.\"G9? G\'7BH#pS$)ŕ9&.bʢ	h|&\\N\02)!4RğЪ	ogb _u)!C!= \rd;CMʢj$,FS讲2Du2#y_Ҟ{o5jkCU{S\05 brz~tȽ6/	y؅&VƊQڞ?^nSU̳h4SJ\\72Y\'L&	0ۑM\'1|93fyqw^˺}ꖆ+iJBG5`uЫPIJ/\'BCf9$+O{E\nվSt?Z;ݖ.SMgcVl	^Si\'O>},9p֯Q^7hQsRi٨0ӂQywVڃzd-X_o_|0a3X,6Ը\\>{{^<+<Oݍ>{,ww>\\2o݊oFEL,QJTAZӉ^U2MD6ʯA(l:]{LQbGuXG7VpraJlueߌ75q?vӳ3OL<`EnptGVsF3Ҝ\Z2CnDg4mdpcxקc9u׼>\0\'au#VO\\xsyw_\\<䛚LLL3(?~3vQ:uH+r\"=*\\ӆ)z~AKIJO1L:\r?ɗ1`3Ҷmm{zoޘclŦM7`\';Nu*-LƑ)Sv;L@ed2Gh@z{rs38gcLpjdP$B6;WJއ;gV$K8F97O7Cs͚13(HD	/_ FF/\n[<WШB	%n?L׆kC?^ܒYl>Ph>x&5>r\0d,hg\n^׽~\0\Zhm/gT<lOktW^p9vU#}6%4!@\rHRTg pk7ԖM+ffz	(Hu[r>>Tsp=sfa\0ȥE1,[5/jcǽrN/E5:Є(u!J=\"4b犮lȩ(hOoDE}Ҋ\Zh9KCRMs/\\>w-<)^tWΗJOھc=ocao3HSSi6CNT>@÷=otϙ=	3pBS@ @9#uc3}\\/w+ӏ\\Kޛ??N25g_YNDU*\"Caz.LJBVhU	_V\\~\nm!LIfz	A].)1po?<qc>nihi-Nz2u+]/+:Oߊ9}pvۣKw3\0Rk|, 78{x(wk4xQ$\\=ۗc`\"_H	Y}$ L9}Q}fͺ%\'s.0]f¨)p\ZVhTDJ\"us,N˪L6ޚg(fXh>߲네]PUP0`Xkʡ*cu|}ՍKYW/8\'V/9^o͈\Z墆\rgkngb\"lQz>L	d\\m־F#o{	%&]$xÓ)`ys/ϝ\'ٟA-&f[+?7&>ZQVG4#.Nje\\ypTiMEWw:_ʭMΩm۞wkڎ\r{v߱5oύ,ֈXsC*IZN2\\2X%j2Gcp|Mz<-H׃1;H\r=%\n?O>\Z;g4WgIy/-WDBqԵC.!%<?=]hn\'>]jޞG\'.V4ZL\\ 6&4jy·\"WFF.\r,r+e-ǯ6xz%=x~s XӶlMeҞ-YoF.h|Y*.B4X&[I|0XIZZ)_&l|V@pgA\\~3ӽe:=O&n6]$/lQ, #OH	A\rJ3xb@̓l\\s۞;6o?7|\npٕ-Y\rg.]G4.Eh<D\n]fCBJv\"ө棹upGsȣaM#M9MLNڱ,,Ph>o$˴AqAoG\">RKXi:T8؆)AkTg*p?z0!L%ǓwMy\nJe$s|7|%\nQKsݻv~#u	sϗZ],0\\ȫjcBXX,7Wol¦7Z򥪴Lن#j :v\';|N۝ͻ>ݸpM?*/WWWFXfnAkWFʖ}K3S^>505\\#K\rVRp܁jQ_=݃11\0{R_xLi,]#b^pZ+丳E OS\'l:C\r{vص=q;vn\r[vGO[LP}͖l.D ֫X\\^cvYGFh=#u\'SXc.FHS\0\0\0\0IENDB`','220px-Pete_Sampras_crop.jpg',25867,'2014-01-10 17:17:28','image/png',39,'\0'),(58,'PNG\r\n\Z\n\0\0\0\rIHDR\0\0\04\0\0\04\0\0\0J\Z\0\0	IDATxMwTiwZ}gF=tbgtJ@!tT^BeFwAlt:p9;rηZ{+y~i`ksk\rZ˫ժ7n\\.r(BVtlyI0<+1|#}^>on\';܇E3Q,_OU8R/FGɘ\\)WDEIXy7qTkܺi~j4G-nn%jqN(Isg<Cx?G>hOf+қ3r6?ҹb\'K1>\\7SI|	%3^>q-fɼQ޼s_3?}Tdrբܦjivu@ҼFK!bIळ%^LKR$t_;+ғÑg:͉1}elQ21t 3҃NgEE#ozqB/l}e-iN,QSS[/ʩ5FqN=-d\0͔z2p4dE2R:GG:;΅F|%LdKϰ<y><\'[S%a,~ҋOV\'?,fVʳke&YA8AS/Յ<AWȫ)h7r\".&`D;=WO(\\73Kě\'cy`p.CX>:rβ=P/dp%tfxyՕϏ.t_kJԒz9P4ȁrd9F](OHJ-BK`K\\	#fF+eB1<{؞_xdW\ngG/+?#H߿_\\4?T<H(U#\Z\"G-\Zb98eF҂rpv(b,1+astNNg3\\ױn?o3;̏P6:	O9/;!pxxxz:.lWojڥU҂u|a\"_Wt66A ϱtE5I:w,9߳tz\'/ih<&CV퐧\\>lsku&mS/O|pz~:.L{KVXUSK߸&o)h4\"S/]ʺWTRQU~nר\Z[]]ƖڛUwŝtEێ9dsЎ;6M,ݽx=0?X^}^p:!V[uK|,V]+҅\Zr66+t$%2\".,T(sti/3^^!^t?+gKWȎenKao޸\Zo3aOb9>в/Џ_<_.gs/乵1P^9u\0\'ϮSԯhLnډ`qD+eL	!vJX|8׹9f_zezS<`C0 (C\nG,{eyfωWsn*2)SUppEfҬFֹ`\Z\0ȇ#bp,͗몐}8Qެp?퍗mGzN-ђs|wc\'f	6`.[=/+s+}]]I۲!1Ij9t.8Kz-\\?#P\n6?	Lh)\ncg6$kH[tU*\rvrڕ`Gb8,N_pJeᗕʒ\nkbװ@7)r	O3\0rXЏ\"/f/(|)ژ51k~lmNs&Q֙pwX{_\'VWkZZ04sê֔P6:4r\rZrn\rf+#ŲyrH%H}xt__Gse=%c7dGgGK9G>-$`)6ĕOu\'^.\\-˹[oQR9uљ@6Yv\n4JCl~<AiByro/`XAp2\'a	\\pJo7(VZ\Z\Zo\'0vA{rmǇ//T7\nco^Ѝ5x\n9՝`1 UN# ʲЭM|\r`IJ~@<W8~WR6Ot;=?v\Zt\"pёk뙡O-/O=}*TWVdWelLS胄\"M|A2W;\ZL	,glGpA6__\nbx\nEWo6c$[<LWEOu/\n}.kTةmr?+,,fވ˯%*5hՖXܒTk˅!Ѝ\0[\0SK-ϯ)l@a_D\0l\nPS@:3p$*!Tlp<s+>\'.{/[gW>=kejhl(\rxfhܷ{Z\0\"uLQ.\n@TxUzP|_#\r	V|Ja_/;|9g{Ki[Y9]7]hvw\nJK`]S+U͊op\Z [S惉4(cձ*u\\qsJW\"Sx3\0/%T\nP|q0O c܀0.\\mc-ij۳bKt؛9/o>_lIQN(֭=&yn#k/i8E!,0U5q*ޠu+\ZV bOB	\n06$4Z?06 :W ڻ{\rGۀ;OblE59Pw;Y\\YQR\'6%41EM\\)HYi\"%)A՜P\n6ŕ4r-%qmb0\\3)_(xap0DB$	t{n^;bq\"[$*ɚukSlvdeiy7/6%Y\'j2J\Zie]Iͩڤ%[dvFpa\0l?]p1P?\rUݸ60ݑ+[p&9d|nv,f$%نc>W{£$#ChE3ww$#6A_\nj&kMz:!BTI.ӤZ*lS|q$!&-l?$>04V(\r	$\'$N=gu鯕[_Go~t%ނ`Aq9ڐwl2uhncQh}M$4jVS,aD|F:S|fFքricb&T\0b\Z %	cBd	q)m-_WX8ǃOIRmm`aeN\"o l4l`B!Q$#H&&TSH3qvrqmSŋ7/U^3F{ƍ\nmrEKRYs P)Bb%?_|׏|yS_?ͬ.z-{ʙOg\'۾rŏbs!V!`H8D$PLM&3Sj×.~Wۯѵ]W*T]ޑQ͸;=IՄ*Y|TbHXU\\_K쟕għW[7˓ay.]6XҨDCCX#K\"\"DPI4SҔF]f땠g<jS7f]o\\ٞ~]^r\\V\n|8Ȥ贔o`=\\s뻩Oy{o\'~|Vb|zn{K3-7Z$#4{}h}c1ƑT*ՌB1#hTZPȦ4	gT\\|o)ߛW*T4]vz΋;ү\"\"|BPdJpTRHǫN-fyG_>siK-͏KyXQzh}CX=z\npXp$2l71\'Ix*K!*ˮx啣Ei|U^eVes&U^(o K	ABiO/Mxr|WyfӋwFzoq .Pm1^\"hC	G!i$<J1-IfD3\ZєhFBzOO3NnRzDz3šWSK3J[.\\L.kK@CSχG?|ϯ&-saO/x>v~䏹aXLv?\ZڵDX1@BIX2@LLfd`d&S	M^nܘPexyE%UKmIeI9t|Rdlӡgӣ/\'^΍?^}9;znÞA-kD%(\Zф\"P439tp GP\n@`$$bwSW_i\"̄pIDyQTRaa2柌Lw\rwVi4rv½W#ϧ^}97|f`q$c=\nL@L	43`\ni-$\nd`.x<5:FHȌٿ(>DZԜ\\X0*@?DpXbye^nkg`gDrxޥ@faWs^\\{3?O8D\"PId\ZbJ6\nԌDXPp4iDCƒlROuęMvZqc򶴪;K;#\"K*uk5ꎶmS\r,>4l-̏|fW{<Mi 0_\nD\"pd\nHCHMU%1\"Eut?Ӯm]߄&5=KZA!A~桮ʒ\nk\'vNM=XfG@<]Zﾞy=?rgg8$LPsS+\n\'DI\00g}=#l-bio,̼XٞZ֦BqkJuk7||֑O\'BN؟oF߾*gBX~T<C@apd!!-4z3~:aG;=N&d/]o˨^N.mK)mR@`ݾơΚ{}m;N>\ZiM<\ng>û4	L&H&PH0Đx2&\"hC0G\\voqtwwut1R|/FυΌҎҎT6EՌ[A۪\ZV(\Zoi{80ٓA@\\ダϞ~vˉ\'D6	F$xGDI\r\0\"\r8$q c͛,7YZ[Z/Vv_,(PҚ D)z\ZKv;OHXV| tz+o>:BF\Z0<1d3!#z\ZG\Z`@44>}Џ.64\r&mvN6t;[gZE{FygzYDK:Znu6\r64^~88hǣs@62;7=;?1~qvS,M41Hx&dhx;C\nwpMNvf63\'Kss*hmji[-BI\"\"<Gv\rյW,/T߾>~xDpι/fF^ΎBuLwMӓ=	H\nB8,`cPxh}g`;=}&,iC.U#,Nsp\"·U]17qgGS^+MN{2?99~\rhf\'A#3}^P!oeXB XD\r!3Q\r6;l67R(Խζe74e:\\`Ca5wojreDy}^pP3ϧ\0=EWq8PVFhO\0\Z.o#tٶք`ke咚Ԓr\0X1B ~<~G{nws$R2&:FHݞɑG#]@pgO	Xtq^-?\0#n XG81$1Q vذn33k;ۍUJ5)Z >r1ąG\':n\ruG{57\\H_MO7\0u=tdOm[x=0䑞#d\ZH(#<\0cz}׿sV;MVV֎6)1T2ȹbvAv@[x^vb;;=>JڥT0\'@\'uã{ $L޷z4z[m-)\"i\\x,FaQ}z\rha8me׶mmm]lmrv\Zx~z%0dZ#Cc/fܾ{YAe;F[K.$Lx89=K\0R@6=<nY2viK09*:hX#<҈\'?q޼i67;ntشi5&wFCu-\"16~oHGQrCUU|%\'Iu;w!ڦǻaC^	?VwAadLP\\h*$X}=KkwwۼnӖU]*{үmNz%\"{iف~xeñ-6gwnd9;1qpt+{KS#\0NDϓ8)\rk|4,Tɐl\Z&rX,O?o߷q=86΋.Wv^H{Up<RyvM쨿Xti&gFzG5[a>\Z]|hU@|lH~Ph(%+Mchz=V8/I8Aɪ+w8\0/&fojnSKa1J+kPښRy~\'\0\0\0\0IENDB`','220px-Pete_Sampras_crop.jpg',7490,'2014-01-10 17:17:28','image/png',39,'\0');
/*!40000 ALTER TABLE `file` ENABLE KEYS */;
UNLOCK TABLES;

--
-- Table structure for table `invitation`
--

DROP TABLE IF EXISTS `invitation`;
/*!40101 SET @saved_cs_client     = @@character_set_client */;
/*!40101 SET character_set_client = utf8 */;
CREATE TABLE `invitation` (
  `id` int(10) unsigned NOT NULL AUTO_INCREMENT,
  `date` datetime DEFAULT NULL,
  `hash` varchar(32) DEFAULT NULL,
  `hashExpirationDate` datetime DEFAULT NULL,
  `email` varchar(45) DEFAULT NULL,
  `message` varchar(120) DEFAULT NULL,
  `response` int(10) DEFAULT NULL,
  `type` int(10) DEFAULT NULL,
  `deleted` bit(1) DEFAULT NULL,
  PRIMARY KEY (`id`)
) ENGINE=InnoDB AUTO_INCREMENT=63 DEFAULT CHARSET=latin1;
/*!40101 SET character_set_client = @saved_cs_client */;

--
-- Dumping data for table `invitation`
--

LOCK TABLES `invitation` WRITE;
/*!40000 ALTER TABLE `invitation` DISABLE KEYS */;
INSERT INTO `invitation` VALUES (57,NULL,NULL,NULL,NULL,NULL,0,NULL,'\0'),(58,NULL,NULL,NULL,NULL,NULL,0,NULL,'\0'),(59,'2014-01-10 17:19:11',NULL,NULL,NULL,'Ciao Pete Sampras! Posso condividere i miei score con te?',NULL,0,'\0'),(60,'2014-01-10 17:25:08',NULL,NULL,NULL,'Ciao Pete Sampras! Posso condividere i miei score con te?',NULL,0,'\0'),(61,'2014-01-10 17:28:12',NULL,NULL,NULL,'Ciao Pete Sampras! Posso condividere i miei score con te?',0,0,'\0'),(62,NULL,NULL,NULL,NULL,NULL,0,NULL,'\0');
/*!40000 ALTER TABLE `invitation` ENABLE KEYS */;
UNLOCK TABLES;

--
-- Table structure for table `player`
--

DROP TABLE IF EXISTS `player`;
/*!40101 SET @saved_cs_client     = @@character_set_client */;
/*!40101 SET character_set_client = utf8 */;
CREATE TABLE `player` (
  `id` int(10) unsigned NOT NULL AUTO_INCREMENT,
  `name` varchar(255) COLLATE utf8_bin NOT NULL,
  `association_id` int(10) unsigned DEFAULT NULL,
  `owner_id` int(10) unsigned NOT NULL,
  `invitation_id` int(10) unsigned DEFAULT NULL,
  `shouldNotReinvite` bit(1) DEFAULT NULL,
  `deleted` bit(1) DEFAULT NULL,
  PRIMARY KEY (`id`),
  UNIQUE KEY `uk_association_owner` (`association_id`,`owner_id`),
  KEY `fk_player_association` (`association_id`),
  KEY `fk_player_owner` (`owner_id`),
  KEY `fk_player_invitation_idx` (`invitation_id`),
  CONSTRAINT `fk_player_association` FOREIGN KEY (`association_id`) REFERENCES `user` (`id`) ON DELETE NO ACTION ON UPDATE NO ACTION,
  CONSTRAINT `fk_player_invitation` FOREIGN KEY (`invitation_id`) REFERENCES `invitation` (`id`) ON DELETE NO ACTION ON UPDATE NO ACTION,
  CONSTRAINT `fk_player_owner` FOREIGN KEY (`owner_id`) REFERENCES `user` (`id`) ON DELETE NO ACTION ON UPDATE NO ACTION
) ENGINE=InnoDB AUTO_INCREMENT=145 DEFAULT CHARSET=utf8 COLLATE=utf8_bin;
/*!40101 SET character_set_client = @saved_cs_client */;

--
-- Dumping data for table `player`
--

LOCK TABLES `player` WRITE;
/*!40000 ALTER TABLE `player` DISABLE KEYS */;
INSERT INTO `player` VALUES (139,'Bernardo Roubach',38,38,57,NULL,'\0'),(140,'Pete Sampras',39,38,61,NULL,'\0'),(141,'Andre Agassi',NULL,38,NULL,NULL,'\0'),(142,'Patrick Rafter',NULL,38,NULL,NULL,'\0'),(143,'Pete Sampras',39,39,58,NULL,'\0'),(144,'Bernardo Roubach',38,39,62,NULL,'\0');
/*!40000 ALTER TABLE `player` ENABLE KEYS */;
UNLOCK TABLES;

--
-- Table structure for table `playerinstance`
--

DROP TABLE IF EXISTS `playerinstance`;
/*!40101 SET @saved_cs_client     = @@character_set_client */;
/*!40101 SET character_set_client = utf8 */;
CREATE TABLE `playerinstance` (
  `id` int(10) unsigned NOT NULL AUTO_INCREMENT,
  `player_id` int(10) unsigned NOT NULL,
  `scoreLeft_id` int(10) unsigned DEFAULT NULL,
  `scoreRight_id` int(10) unsigned DEFAULT NULL,
  `approvalResponse` int(10) DEFAULT NULL,
  `revisionMessage` varchar(2000) DEFAULT NULL,
  `revisionDate` datetime DEFAULT NULL,
  `revisionTime` datetime DEFAULT NULL,
  `revisionSet1Left` int(10) DEFAULT NULL,
  `revisionSet1Right` int(10) DEFAULT NULL,
  `revisionSet2Left` int(10) DEFAULT NULL,
  `revisionSet2Right` int(10) DEFAULT NULL,
  `revisionSet3Left` int(10) DEFAULT NULL,
  `revisionSet3Right` int(10) DEFAULT NULL,
  `revisionSet4Left` int(10) DEFAULT NULL,
  `revisionSet4Right` int(10) DEFAULT NULL,
  `revisionSet5Left` int(10) DEFAULT NULL,
  `revisionSet5Right` int(10) DEFAULT NULL,
  `deleted` bit(1) DEFAULT NULL,
  PRIMARY KEY (`id`),
  KEY `fk_playerinstance_player` (`player_id`),
  KEY `fk_playerinstance_score_left_idx` (`scoreLeft_id`),
  KEY `fk_playerinstance_player_right_idx` (`scoreRight_id`),
  CONSTRAINT `fk_playerinstance_player_right` FOREIGN KEY (`scoreRight_id`) REFERENCES `score` (`id`) ON DELETE NO ACTION ON UPDATE NO ACTION,
  CONSTRAINT `fk_playerinstance_score_left` FOREIGN KEY (`scoreLeft_id`) REFERENCES `score` (`id`) ON DELETE NO ACTION ON UPDATE NO ACTION,
  CONSTRAINT `fk_playerinstance_player` FOREIGN KEY (`player_id`) REFERENCES `player` (`id`) ON DELETE NO ACTION ON UPDATE NO ACTION
) ENGINE=InnoDB AUTO_INCREMENT=15 DEFAULT CHARSET=utf8;
/*!40101 SET character_set_client = @saved_cs_client */;

--
-- Dumping data for table `playerinstance`
--

LOCK TABLES `playerinstance` WRITE;
/*!40000 ALTER TABLE `playerinstance` DISABLE KEYS */;
INSERT INTO `playerinstance` VALUES (13,140,9,NULL,0,NULL,NULL,NULL,NULL,NULL,NULL,NULL,NULL,NULL,NULL,NULL,NULL,NULL,'\0'),(14,139,NULL,9,0,NULL,NULL,NULL,NULL,NULL,NULL,NULL,NULL,NULL,NULL,NULL,NULL,NULL,'\0');
/*!40000 ALTER TABLE `playerinstance` ENABLE KEYS */;
UNLOCK TABLES;

--
-- Table structure for table `playerinstancecomment`
--

DROP TABLE IF EXISTS `playerinstancecomment`;
/*!40101 SET @saved_cs_client     = @@character_set_client */;
/*!40101 SET character_set_client = utf8 */;
CREATE TABLE `playerinstancecomment` (
  `id` int(10) unsigned NOT NULL AUTO_INCREMENT,
  `owner_id` int(10) unsigned NOT NULL,
  `playerInstance_id` int(10) unsigned DEFAULT NULL,
  `comment` varchar(10000) NOT NULL,
  `deleted` bit(1) DEFAULT NULL,
  PRIMARY KEY (`id`),
  KEY `fk_playerinstancecomment_owner` (`owner_id`),
  KEY `fk_playerinstancecomment_playerinstance_idx` (`playerInstance_id`),
  CONSTRAINT `fk_playerinstancecomment_owner` FOREIGN KEY (`owner_id`) REFERENCES `user` (`id`) ON DELETE NO ACTION ON UPDATE NO ACTION,
  CONSTRAINT `fk_playerinstancecomment_playerinstance` FOREIGN KEY (`playerInstance_id`) REFERENCES `playerinstance` (`id`) ON DELETE NO ACTION ON UPDATE NO ACTION
) ENGINE=InnoDB AUTO_INCREMENT=8 DEFAULT CHARSET=latin1;
/*!40101 SET character_set_client = @saved_cs_client */;

--
-- Dumping data for table `playerinstancecomment`
--

LOCK TABLES `playerinstancecomment` WRITE;
/*!40000 ALTER TABLE `playerinstancecomment` DISABLE KEYS */;
INSERT INTO `playerinstancecomment` VALUES (7,38,14,'Foi um prazer jogar com um dos maiores de todos os tempos! Passei um pouco de vergonha, mas foi muito legal! =)','\0');
/*!40000 ALTER TABLE `playerinstancecomment` ENABLE KEYS */;
UNLOCK TABLES;

--
-- Table structure for table `profile`
--

DROP TABLE IF EXISTS `profile`;
/*!40101 SET @saved_cs_client     = @@character_set_client */;
/*!40101 SET character_set_client = utf8 */;
CREATE TABLE `profile` (
  `id` int(10) unsigned NOT NULL AUTO_INCREMENT,
  `city` varchar(45) DEFAULT NULL,
  `country` varchar(45) DEFAULT NULL,
  `academy` varchar(255) DEFAULT NULL,
  `leftHanded` bit(1) DEFAULT NULL,
  `coach_id` int(10) unsigned DEFAULT NULL,
  `showContactInfoToFriends` bit(1) DEFAULT NULL,
  `phone` varchar(45) DEFAULT NULL,
  `avatarHash` varchar(255) DEFAULT NULL,
  `avatar_id` int(10) unsigned DEFAULT NULL,
  `smallAvatar_id` int(10) unsigned DEFAULT NULL,
  `style` varchar(255) DEFAULT NULL,
  `site` varchar(255) DEFAULT NULL,
  `sport` int(10) NOT NULL,
  `signupProcessCompleted` bit(1) DEFAULT NULL,
  `deleted` bit(1) DEFAULT NULL,
  PRIMARY KEY (`id`),
  KEY `fk_profile_file_2` (`smallAvatar_id`),
  KEY `fk_profile_file_1` (`avatar_id`),
  CONSTRAINT `fk_profile_file_1` FOREIGN KEY (`avatar_id`) REFERENCES `file` (`id`) ON DELETE NO ACTION ON UPDATE NO ACTION,
  CONSTRAINT `fk_profile_file_2` FOREIGN KEY (`smallAvatar_id`) REFERENCES `file` (`id`) ON DELETE NO ACTION ON UPDATE NO ACTION
) ENGINE=InnoDB AUTO_INCREMENT=37 DEFAULT CHARSET=utf8;
/*!40101 SET character_set_client = @saved_cs_client */;

--
-- Dumping data for table `profile`
--

LOCK TABLES `profile` WRITE;
/*!40000 ALTER TABLE `profile` DISABLE KEYS */;
INSERT INTO `profile` VALUES (35,'Belo Horizonte','Brasil','Lob Tênis','\0',NULL,'','31 96862253','0d6de8af31a2dda39baf2d648662c4e9',55,56,'','',0,'','\0'),(36,'Lake Sherwood, California','United States','private','\0',NULL,'\0','','1345bbb540ffec28beba458daa26f969',57,58,'','',0,'','\0');
/*!40000 ALTER TABLE `profile` ENABLE KEYS */;
UNLOCK TABLES;

--
-- Table structure for table `score`
--

DROP TABLE IF EXISTS `score`;
/*!40101 SET @saved_cs_client     = @@character_set_client */;
/*!40101 SET character_set_client = utf8 */;
CREATE TABLE `score` (
  `id` int(10) unsigned NOT NULL AUTO_INCREMENT,
  `date` datetime NOT NULL,
  `set1Left` int(10) DEFAULT NULL,
  `set1Right` int(10) DEFAULT NULL,
  `set2Left` int(10) DEFAULT NULL,
  `set2Right` int(10) DEFAULT NULL,
  `set3Left` int(10) DEFAULT NULL,
  `set3Right` int(10) DEFAULT NULL,
  `set4Left` int(10) DEFAULT NULL,
  `set4Right` int(10) DEFAULT NULL,
  `set5Left` int(10) DEFAULT NULL,
  `set5Right` int(10) DEFAULT NULL,
  `time` datetime DEFAULT NULL,
  `winnerDefined` bit(1) NOT NULL,
  `owner_id` int(10) unsigned DEFAULT NULL,
  `coach_id` int(10) unsigned DEFAULT NULL,
  `sport` int(10) NOT NULL,
  `confirmed` bit(1) DEFAULT b'0',
  `deleted` bit(1) DEFAULT b'0',
  PRIMARY KEY (`id`),
  KEY `fk_score_owner` (`owner_id`)
) ENGINE=InnoDB AUTO_INCREMENT=10 DEFAULT CHARSET=utf8;
/*!40101 SET character_set_client = @saved_cs_client */;

--
-- Dumping data for table `score`
--

LOCK TABLES `score` WRITE;
/*!40000 ALTER TABLE `score` DISABLE KEYS */;
INSERT INTO `score` VALUES (9,'2014-01-10 00:00:00',6,0,NULL,NULL,NULL,NULL,NULL,NULL,NULL,NULL,NULL,'',38,NULL,0,NULL,'\0');
/*!40000 ALTER TABLE `score` ENABLE KEYS */;
UNLOCK TABLES;

--
-- Table structure for table `user`
--

DROP TABLE IF EXISTS `user`;
/*!40101 SET @saved_cs_client     = @@character_set_client */;
/*!40101 SET character_set_client = utf8 */;
CREATE TABLE `user` (
  `id` int(10) unsigned NOT NULL AUTO_INCREMENT,
  `firstName` varchar(45) NOT NULL,
  `lastName` varchar(45) NOT NULL,
  `email` varchar(45) NOT NULL,
  `avatarUrl` varchar(45) DEFAULT NULL,
  `birthday` datetime DEFAULT NULL COMMENT 'because of social network sign up, this field cannot be marked as not null',
  `password` varchar(32) DEFAULT NULL COMMENT 'because of social network sign up, this field cannot be marked as not null',
  `gender` char(1) DEFAULT NULL COMMENT 'because of social network sign up, this field cannot be marked as not null',
  `profile_id` int(10) unsigned DEFAULT NULL,
  `lastAccess` datetime DEFAULT NULL,
  `beforeLastAccess` datetime DEFAULT NULL,
  `dateAccountWasClosed` datetime DEFAULT NULL,
  `reasonAccountWasClosed` varchar(5000) DEFAULT NULL,
  `forgotPasswordInstructionsHash` varchar(32) DEFAULT NULL,
  `forgotPasswordInstructionsDate` datetime DEFAULT NULL,
  `deleted` bit(1) DEFAULT NULL,
  PRIMARY KEY (`id`),
  KEY `FK_user_profile` (`profile_id`),
  CONSTRAINT `FK_user_profile` FOREIGN KEY (`profile_id`) REFERENCES `profile` (`id`) ON DELETE NO ACTION ON UPDATE NO ACTION
) ENGINE=InnoDB AUTO_INCREMENT=40 DEFAULT CHARSET=utf8;
/*!40101 SET character_set_client = @saved_cs_client */;

--
-- Dumping data for table `user`
--

LOCK TABLES `user` WRITE;
/*!40000 ALTER TABLE `user` DISABLE KEYS */;
INSERT INTO `user` VALUES (38,'Bernardo','Roubach','broubach@yahoo.com.br',NULL,'1981-04-28 17:13:48','5670f434940508df14a1825a4c144ad2','M',35,'2014-01-10 17:29:05','2014-01-10 17:27:46',NULL,NULL,NULL,NULL,'\0'),(39,'Pete','Sampras','pete.sampras@mail.com',NULL,'1971-08-12 17:16:59','576dc1060ea0b6d02640de48c28fca46','M',36,'2014-01-10 17:28:33','2014-01-10 17:16:59',NULL,NULL,NULL,NULL,'\0');
/*!40000 ALTER TABLE `user` ENABLE KEYS */;
UNLOCK TABLES;

--
-- Table structure for table `userconnection`
--

DROP TABLE IF EXISTS `userconnection`;
/*!40101 SET @saved_cs_client     = @@character_set_client */;
/*!40101 SET character_set_client = utf8 */;
CREATE TABLE `userconnection` (
  `userId` varchar(255) NOT NULL,
  `providerId` varchar(255) NOT NULL,
  `providerUserId` varchar(255) NOT NULL DEFAULT '',
  `rank` int(10) NOT NULL,
  `displayName` varchar(255) DEFAULT NULL,
  `profileUrl` varchar(512) DEFAULT NULL,
  `imageUrl` varchar(512) DEFAULT NULL,
  `accessToken` varchar(255) NOT NULL,
  `secret` varchar(255) DEFAULT NULL,
  `refreshToken` varchar(255) DEFAULT NULL,
  `expireTime` bigint(20) DEFAULT NULL,
  PRIMARY KEY (`userId`,`providerId`,`providerUserId`),
  UNIQUE KEY `UserConnectionRank` (`userId`,`providerId`,`rank`)
) ENGINE=InnoDB DEFAULT CHARSET=utf8;
/*!40101 SET character_set_client = @saved_cs_client */;

--
-- Dumping data for table `userconnection`
--

LOCK TABLES `userconnection` WRITE;
/*!40000 ALTER TABLE `userconnection` DISABLE KEYS */;
/*!40000 ALTER TABLE `userconnection` ENABLE KEYS */;
UNLOCK TABLES;
/*!40103 SET TIME_ZONE=@OLD_TIME_ZONE */;

/*!40101 SET SQL_MODE=@OLD_SQL_MODE */;
/*!40014 SET FOREIGN_KEY_CHECKS=@OLD_FOREIGN_KEY_CHECKS */;
/*!40014 SET UNIQUE_CHECKS=@OLD_UNIQUE_CHECKS */;
/*!40101 SET CHARACTER_SET_CLIENT=@OLD_CHARACTER_SET_CLIENT */;
/*!40101 SET CHARACTER_SET_RESULTS=@OLD_CHARACTER_SET_RESULTS */;
/*!40101 SET COLLATION_CONNECTION=@OLD_COLLATION_CONNECTION */;
/*!40111 SET SQL_NOTES=@OLD_SQL_NOTES */;

-- Dump completed on 2014-01-10 17:31:18
